1150,55,0.99758284883,0.99758284883,1
1150,62,0.984159538306,0.945561515442,1
1150,77,0.999743318749,0.999743318749,1
1150,70,0.996261981338,0.983152532405,1
1150,56,0.98494063412,0.937037659025,1
1150,54,0.979491213364,0.979491213364,1
1150,84,0.995324934341,0.995324934341,1
1150,64,0.993932318358,0.993932318358,1
1150,58,0.989634954719,0.989634954719,1
1150,79,0.863861973001,0.654406500457,1
1150,75,0.951641117568,0.869794371534,1
1150,66,0.965658423843,0.961439550128,1
1150,87,0.940338349721,0.866403722724,1
1150,108,0.788733712731,0.668918258188,1
1150,77,0.968550791274,0.754626269994,1
1150,66,0.979599279001,0.927880825602,1
1150,68,0.837572009777,0.739054904233,1
1150,63,0.976818590249,0.93521981635,1
1150,62,0.943121968703,0.943121968703,1
1150,56,0.949549735661,0.904212636965,1
1150,66,0.934234396867,0.768659712647,1
1150,75,0.963759577131,0.882973036681,1
1150,74,0.968294164273,0.91142197764,1
1150,83,0.982191539899,0.8691344737,1
1150,80,0.990111268194,0.927071288766,1
1150,78,0.937204160085,0.934501227035,1
1150,56,0.998373402962,0.934847533733,1
1150,80,0.802474408728,0.802474408728,1
1150,72,0.955334170914,0.886533275003,1
1150,57,0.970330709079,0.970330709079,1
1150,68,0.970807864528,0.970807864528,1
1150,67,0.956094457096,0.909442860196,1
1150,78,0.998557486414,0.948835084688,1
1150,62,0.988046407666,0.864634681969,1
1150,87,0.991927989584,0.916814787641,1
1150,65,0.903412976538,0.889532255731,1
1150,82,0.970310047383,0.936940079343,1
1150,52,0.99953755015,0.99953755015,1
1150,61,0.98086711111,0.98086711111,1
1150,77,0.972658471053,0.968879856711,1
1150,88,0.988489746036,0.988489746036,1
1150,80,0.980019293045,0.801146395193,1
1150,93,0.98273604087,0.911478651239,1
1150,60,0.986229289507,0.956576584037,1
1150,65,0.978486212867,0.978486212867,1
1150,73,0.718883467523,0.666735091713,1
1150,60,0.95631554896,0.953323553186,1
1150,86,0.955220538575,0.915427914325,1
1150,74,0.924329832207,0.924329832207,1
1150,80,0.840626754089,0.772882456301,1
300,47,0.949649871081,0.857682634517,1
300,87,0.893084260941,0.759934119815,1
300,46,0.954670057712,0.796882850801,1
300,54,0.979785336042,0.956723034149,1
300,74,0.903221047342,0.74856381519,1
300,57,0.791421605952,0.763555765598,1
300,82,0.981870254113,0.981870254113,1
300,49,0.861148482771,0.861148482771,1
300,93,0.890416405153,0.890416405153,1
300,90,0.814378491173,0.646994572827,1
300,110,0.916128095752,0.787176550987,1
300,79,0.901745485589,0.869303119793,1
300,54,0.99119001826,0.929995811078,1
300,46,0.879591487628,0.879591487628,1
300,77,0.885949681401,0.885949681401,1
300,50,0.998802167523,0.800501930705,1
300,64,0.817019394676,0.698673510591,1
300,61,0.977885060659,0.961695520666,1
300,59,0.946029136827,0.917351835218,1
300,53,0.868786290525,0.82478570057,1
300,86,0.989404005685,0.869651130545,1
300,67,0.897062901767,0.795806996945,1
300,51,0.851170865009,0.851170865009,1
300,64,0.959515126235,0.814602844704,1
300,74,0.991882357126,0.881411491221,1
300,52,0.986829022384,0.979095262424,1
300,72,0.924050395155,0.681249353047,1
300,48,0.913142604785,0.913142604785,1
300,66,0.91866118656,0.91866118656,1
300,52,0.931614998881,0.741193745973,1
300,97,0.918945590085,0.816961804802,1
300,65,0.902820747995,0.859258066951,1
300,81,0.986133810147,0.848498279091,1
300,58,0.998023106708,0.747908921269,1
300,61,0.990094287543,0.897275571006,1
300,66,0.906610171134,0.699645069784,1
300,66,0.932416564378,0.902650215566,1
300,70,0.981080254954,0.981080254954,1
300,70,0.917830906625,0.733204005047,1
300,55,0.992127989938,0.992127989938,1
300,51,0.971954909482,0.962952502104,1
300,58,0.991216490062,0.796921028046,1
300,69,0.981162836243,0.861224739751,1
300,60,0.963339301009,0.963339301009,1
300,55,0.937812162012,0.937812162012,1
300,61,0.932849149176,0.811956841432,1
300,62,0.951043962006,0.84497067359,1
300,57,0.960876839375,0.828738657897,1
300,52,0.879963959322,0.812358709638,1
300,55,0.986983900019,0.776707568397,1
1050,66,0.929945184196,0.929945184196,1
1050,80,0.980787196596,0.980787196596,1
1050,76,0.885436025817,0.76054379375,1
1050,62,0.944822130505,0.944822130505,1
1050,66,0.955369603784,0.951245606307,1
1050,75,0.979345315143,0.943025807963,1
1050,79,0.902247064985,0.850089483757,1
1050,86,0.95856076038,0.95856076038,1
1050,81,0.969167658448,0.969167658448,1
1050,60,0.930727225218,0.930727225218,1
1050,51,0.998763851564,0.916717921531,1
1050,71,0.97986678319,0.925934216519,1
1050,66,0.966706976067,0.966706976067,1
1050,77,0.919757282908,0.919757282908,1
1050,69,0.982536784766,0.81773651338,1
1050,78,0.992812049777,0.879797145046,1
1050,65,0.989320591361,0.989320591361,1
1050,70,0.991189576497,0.991189576497,1
1050,58,0.98813777646,0.843439397775,1
1050,62,0.896504132885,0.896504132885,1
1050,67,0.992232595022,0.80751657026,1
1050,77,0.983145476782,0.771591765259,1
1050,62,0.995753534483,0.995753534483,1
1050,107,0.910706483045,0.645815966998,1
1050,80,0.941164192644,0.825918285717,1
1050,64,0.983956037517,0.921877769639,1
1050,54,0.854760469255,0.854760469255,1
1050,56,0.973005040935,0.973005040935,1
1050,74,0.990425525994,0.990425525994,1
1050,82,0.786782442866,0.741031084101,1
1050,63,0.98179998805,0.945678251456,1
1050,86,0.968774251646,0.968774251646,1
1050,79,0.987439262367,0.766482029025,1
1050,93,0.883573360134,0.883573360134,1
1050,75,0.993689211036,0.871778031863,1
1050,55,0.988548761196,0.988548761196,1
1050,70,0.982315683958,0.874211067967,1
1050,85,0.988849244059,0.988849244059,1
1050,51,0.910480349373,0.910480349373,1
1050,68,0.995465595319,0.995465595319,1
1050,93,0.968650701092,0.854555275505,1
1050,69,0.997433149811,0.997433149811,1
1050,92,0.817516115026,0.817516115026,1
1050,66,0.957488892999,0.957488892999,1
1050,65,0.976576155521,0.976576155521,1
1050,57,0.911444546405,0.833057343507,1
1050,77,0.772791894901,0.772791894901,1
1050,91,0.803041611885,0.766381442824,1
1050,65,0.926487159393,0.926487159393,1
1050,64,0.92285688474,0.922197936161,1
1000,73,0.856282193499,0.796616965449,1
1000,98,0.98089287141,0.721639688319,1
1000,71,0.999227429886,0.999227429886,1
1000,74,0.97671464457,0.897907213121,1
1000,88,0.991928595312,0.865294674226,1
1000,64,0.932469421025,0.932469421025,1
1000,62,0.975932331607,0.975932331607,1
1000,60,0.99062350138,0.99062350138,1
1000,72,0.969269257915,0.969269257915,1
1000,67,0.95449546973,0.95449546973,1
1000,86,0.803083268487,0.803083268487,1
1000,64,0.897904330608,0.897904330608,1
1000,57,0.984916269145,0.984916269145,1
1000,71,0.971446709611,0.905460466316,1
1000,53,0.994526715251,0.994526715251,1
1000,63,0.944172560203,0.944172560203,1
1000,70,0.92378733067,0.816876105743,1
1000,77,0.966627545476,0.827253452959,1
1000,68,0.983176442329,0.915815862249,1
1000,105,0.903413202964,0.843663564987,1
1000,56,0.994243515082,0.994243515082,1
1000,83,0.951060909195,0.877505736065,1
1000,88,0.980207605848,0.980207605848,1
1000,54,0.958506290406,0.948901594274,1
1000,84,0.977719284198,0.743628221223,1
1000,54,0.982342568854,0.982342568854,1
1000,88,0.971011238535,0.767941530693,1
1000,73,0.990772971779,0.990772971779,1
1000,68,0.973349388001,0.973349388001,1
1000,51,0.988728735468,0.972764105976,1
1000,60,0.986932582282,0.986932582282,1
1000,69,0.963324334134,0.963324334134,1
1000,62,0.833849370206,0.83279234761,1
1000,58,0.972036873341,0.972036873341,1
1000,60,0.874113401905,0.789525322616,1
1000,73,0.954943584103,0.91560603841,1
1000,57,0.878403405489,0.848909803081,1
1000,76,0.962911528781,0.906161248145,1
1000,59,0.976450086036,0.976450086036,1
1000,69,0.929524693672,0.884550395499,1
1000,83,0.956004779434,0.956004779434,1
1000,84,0.996584057355,0.892310696904,1
1000,80,0.958871494604,0.958871494604,1
1000,76,0.995514241821,0.995514241821,1
1000,75,0.967481983227,0.826613134583,1
1000,110,0.99833345988,0.822182054058,1
1000,63,0.950308193547,0.943546566397,1
1000,73,0.920756469854,0.791719034344,1
1000,89,0.950108622317,0.949426639617,1
1000,53,0.968977107079,0.968977107079,1
1850,124,0.93789073083,0.902908760408,1
1850,61,0.973941951034,0.940165561401,1
1850,65,0.98755079389,0.98755079389,1
1850,66,0.967324903795,0.938091025255,1
1850,99,0.98351910741,0.98351910741,1
1850,74,0.873957679089,0.805424485894,1
1850,69,0.942872687002,0.942872687002,1
1850,96,0.939665894945,0.879100821062,1
1850,69,0.860700732989,0.860700732989,1
1850,77,0.983506865489,0.895081790792,1
1850,73,0.987118436486,0.872763739653,1
1850,64,0.994793677297,0.994793677297,1
1850,72,0.969430249899,0.969430249899,1
1850,70,0.902265288207,0.850106781101,1
1850,68,0.996937347969,0.996937347969,1
1850,83,0.969023343291,0.969023343291,1
1850,59,0.959324055095,0.959324055095,1
1850,77,0.958328053148,0.958328053148,1
1850,69,0.978594752657,0.899672790158,1
1850,70,0.981118398236,0.981118398236,1
1850,64,0.995166726997,0.930869050976,1
1850,82,0.932586698185,0.932586698185,1
1850,96,0.93505406345,0.749390474702,1
1850,69,0.991103603816,0.989136434718,1
1850,88,0.822209632863,0.733446140177,1
1850,71,0.911988538214,0.805760418239,1
1850,112,0.972904443215,0.880692532666,1
1850,77,0.972042067021,0.939355147628,1
1850,70,0.80501248928,0.773297185734,1
1850,74,0.949195985037,0.949195985037,1
1850,71,0.988525789989,0.854496506563,1
1850,93,0.816081223071,0.816081223071,1
1850,72,0.965172877769,0.965172877769,1
1850,68,0.840840340097,0.840840340097,1
1850,100,0.97352780376,0.916093201607,1
1850,54,0.998772070741,0.998772070741,1
1850,59,0.990089282162,0.948422917075,1
1850,71,0.913506034256,0.913506034256,1
1850,78,0.958823650685,0.958823650685,1
1850,68,0.984660653908,0.984660653908,1
1850,63,0.927620306528,0.91520217976,1
1850,65,0.975047658974,0.975047658974,1
1850,65,0.87724757839,0.87724757839,1
1850,70,0.987206327555,0.987206327555,1
1850,57,0.972624051576,0.904369821747,1
1850,64,0.940689681892,0.786638075407,1
1850,67,0.87786476061,0.87786476061,1
1850,64,0.978054768036,0.978054768036,1
1850,79,0.895921220002,0.895921220002,1
1850,77,0.939747759317,0.875724405955,1
1300,79,0.937915721637,0.786385320709,1
1300,83,0.980383072695,0.980383072695,1
1300,68,0.92349408648,0.909887892381,1
1300,59,0.981457215684,0.981367742838,1
1300,70,0.983306579616,0.983306579616,1
1300,75,0.976675113259,0.976675113259,1
1300,94,0.874449746384,0.845172038379,1
1300,70,0.877707277089,0.877707277089,1
1300,86,0.96893882285,0.952980108634,1
1300,57,0.970686865416,0.843286526782,1
1300,79,0.930913200786,0.847712099059,1
1300,78,0.997494024529,0.976239632173,1
1300,65,0.991052607267,0.899217371923,1
1300,79,0.873315839049,0.873315839049,1
1300,65,0.924608459046,0.924608459046,1
1300,67,0.963990659145,0.963990659145,1
1300,95,0.999220222685,0.999220222685,1
1300,67,0.948037421499,0.948037421499,1
1300,47,0.97264507604,0.873653193105,1
1300,67,0.987705244241,0.866363739542,1
1300,60,0.933319058863,0.907199387542,1
1300,79,0.903335113588,0.776544074764,1
1300,82,0.957373858581,0.871975300667,1
1300,75,0.950666601724,0.88697241293,1
1300,75,0.963320467973,0.93600341636,1
1300,86,0.933974004658,0.933974004658,1
1300,69,0.971692009126,0.820604903561,1
1300,70,0.928121080654,0.928121080654,1
1300,77,0.996025738698,0.961908437183,1
1300,60,0.964658719517,0.885380799918,1
1300,74,0.88031259159,0.866626767132,1
1300,75,0.89011503146,0.886493991598,1
1300,62,0.999595396561,0.999595396561,1
1300,64,0.86982292846,0.86982292846,1
1300,56,0.903439321057,0.779641485695,1
1300,84,0.972075661525,0.941371263946,1
1300,77,0.984443838484,0.984443838484,1
1300,82,0.958517960036,0.926977839883,1
1300,62,0.969647696797,0.910482915005,1
1300,60,0.93991708062,0.847947550541,1
1300,96,0.904037556511,0.770194417054,1
1300,58,0.997371408472,0.997371408472,1
1300,58,0.956924281335,0.956924281335,1
1300,63,0.981527480766,0.967776746321,1
1300,82,0.897506347166,0.897506347166,1
1300,68,0.990863747401,0.990863747401,1
1300,61,0.991597223444,0.991597223444,1
1300,70,0.946877364745,0.896164154103,1
1300,84,0.82090587549,0.82090587549,1
1300,81,0.937414190844,0.781119417159,1
1900,66,0.964095005317,0.964095005317,1
1900,90,0.790728085393,0.580186073723,1
1900,73,0.838512308262,0.838512308262,1
1900,66,0.936744413639,0.926369746823,1
1900,89,0.985595538098,0.985595538098,1
1900,57,0.993479133558,0.993479133558,1
1900,68,0.984993117282,0.981330570798,1
1900,97,0.979972840819,0.964478741097,1
1900,68,0.970477956614,0.970477956614,1
1900,65,0.859191661633,0.859191661633,1
1900,77,0.937836801041,0.843049741396,1
1900,80,0.958913996851,0.958913996851,1
1900,72,0.984990275431,0.930551158943,1
1900,79,0.953263370039,0.953263370039,1
1900,70,0.921249841589,0.911095297881,1
1900,89,0.9398974515,0.9398974515,1
1900,77,0.987405665269,0.987405665269,1
1900,69,0.995832259591,0.995832259591,1
1900,60,0.977829328275,0.919718764631,1
1900,90,0.980539114661,0.980539114661,1
1900,73,0.958202798277,0.946006973594,1
1900,76,0.972479587674,0.927517656676,1
1900,63,0.996031077577,0.889796078925,1
1900,84,0.989914005801,0.989914005801,1
1900,68,0.956676670005,0.956676670005,1
1900,85,0.977417649816,0.911358931175,1
1900,75,0.980373895228,0.872538088513,1
1900,87,0.93183008315,0.892361037415,1
1900,63,0.976113360822,0.976113360822,1
1900,68,0.939325149509,0.912847341379,1
1900,94,0.929227616362,0.708955242298,1
1900,53,0.98366119466,0.98366119466,1
1900,76,0.934894275325,0.934894275325,1
1900,100,0.991813341582,0.792346566787,1
1900,77,0.985097777805,0.936066145111,1
1900,59,0.972018764647,0.972018764647,1
1900,60,0.918732337427,0.918732337427,1
1900,79,0.938633973383,0.938633973383,1
1900,74,0.992276138632,0.992276138632,1
1900,135,0.955196667462,0.890572503396,1
1900,85,0.951321516651,0.861535411615,1
1900,73,0.926176675294,0.926176675294,1
1900,61,0.96586630855,0.96586630855,1
1900,51,0.948502438649,0.948502438649,1
1900,51,0.987802516334,0.987802516334,1
1900,69,0.996065180252,0.996065180252,1
1900,85,0.973885768838,0.923097534714,1
1900,76,0.905477674205,0.905477674205,1
1900,88,0.946605330215,0.946605330215,1
1900,66,0.928935592654,0.928935592654,1
1350,92,0.998530604148,0.998530604148,1
1350,79,0.923323476966,0.909530051903,1
1350,62,0.950291356623,0.899611334322,1
1350,57,0.990010219752,0.931714642354,1
1350,91,0.986761407463,0.921482494886,1
1350,67,0.983960668856,0.983960668856,1
1350,54,0.865441785534,0.865441785534,1
1350,78,0.972456153451,0.869339065005,1
1350,81,0.922087426365,0.922087426365,1
1350,89,0.99767070339,0.94792631578,1
1350,79,0.826188296993,0.826188296993,1
1350,78,0.84645567014,0.818847065849,1
1350,62,0.985349971689,0.985349971689,1
1350,60,0.932601603076,0.932601603076,1
1350,85,0.983080139103,0.868922786762,1
1350,95,0.923850753882,0.795773271977,1
1350,68,0.986402801339,0.986402801339,1
1350,64,0.954230813266,0.871110340834,1
1350,71,0.972904992257,0.964513590481,1
1350,49,0.971377272964,0.971377272964,1
1350,69,0.946415823877,0.946415823877,1
1350,94,0.990515224856,0.796913452385,1
1350,65,0.987799057997,0.987799057997,1
1350,88,0.985643092982,0.941271065579,1
1350,70,0.956672023912,0.82917583993,1
1350,55,0.981794867862,0.967221812464,1
1350,59,0.993897877982,0.993897877982,1
1350,61,0.918938977164,0.918938977164,1
1350,68,0.947357909071,0.764339416275,1
1350,78,0.890435151936,0.833825165127,1
1350,66,0.99286428205,0.829393610836,1
1350,62,0.986022040467,0.986022040467,1
1350,62,0.94060042414,0.94060042414,1
1350,76,0.945719921289,0.81285048283,1
1350,96,0.963772901987,0.884072411157,1
1350,73,0.997889869089,0.997889869089,1
1350,62,0.804600447122,0.804600447122,1
1350,68,0.970788455939,0.955662718646,1
1350,68,0.7121646603,0.7121646603,1
1350,71,0.987237530837,0.770533747235,1
1350,65,0.961958603375,0.943854317747,1
1350,80,0.991214686494,0.921963695617,1
1350,66,0.969945594151,0.969945594151,1
1350,85,0.916089933804,0.886060340698,1
1350,65,0.988426617985,0.971383674762,1
1350,77,0.978070442054,0.936367024717,1
1350,66,0.950195557924,0.950195557924,1
1350,69,0.986858174982,0.986858174982,1
1350,74,0.90723865745,0.795729831275,1
1350,76,0.958084762534,0.793118222862,1
1600,67,0.997084825379,0.988564064473,1
1600,86,0.944853769723,0.879997417943,1
1600,68,0.996308911408,0.94184628462,1
1600,84,0.957915609095,0.957915609095,1
1600,78,0.961412065871,0.861001966674,1
1600,90,0.907345900483,0.907345900483,1
1600,78,0.967730661878,0.967730661878,1
1600,60,0.998877297623,0.998877297623,1
1600,77,0.925274572664,0.925274572664,1
1600,68,0.945978099158,0.945978099158,1
1600,67,0.981352335375,0.9732184032,1
1600,78,0.975492061471,0.975492061471,1
1600,71,0.992660352401,0.977490669217,1
1600,75,0.969584704257,0.969584704257,1
1600,67,0.981986909836,0.884449256842,1
1600,77,0.990607258066,0.903800078613,1
1600,101,0.970101236725,0.93292966021,1
1600,79,0.956020964039,0.938886842252,1
1600,63,0.998612889756,0.998612889756,1
1600,78,0.982522204523,0.982522204523,1
1600,68,0.943766949542,0.884167367755,1
1600,79,0.939128326814,0.845156077674,1
1600,73,0.985266728531,0.985266728531,1
1600,63,0.994360451775,0.994360451775,1
1600,85,0.886300551672,0.771382598018,1
1600,65,0.98797621058,0.98797621058,1
1600,60,0.974987291704,0.943651118843,1
1600,87,0.869542913943,0.869542913943,1
1600,91,0.998641262453,0.852581976913,1
1600,71,0.9812943905,0.924972661938,1
1600,68,0.963222148767,0.963222148767,1
1600,61,0.942462373873,0.942462373873,1
1600,54,0.958436767749,0.958436767749,1
1600,102,0.931581694288,0.719405650649,1
1600,69,0.877893643274,0.759166465159,1
1600,71,0.963338710401,0.94760051312,1
1600,94,0.982057320608,0.951576918921,1
1600,69,0.986610929688,0.846230546519,1
1600,58,0.980557542365,0.980557542365,1
1600,77,0.9956505613,0.958825598256,1
1600,73,0.997521118976,0.956598032521,1
1600,71,0.998751901561,0.998751901561,1
1600,75,0.975105590896,0.975105590896,1
1600,60,0.995000740695,0.995000740695,1
1600,60,0.984879883762,0.97807161777,1
1600,67,0.966887538074,0.916870577666,1
1600,86,0.969833966604,0.969833966604,1
1600,75,0.854598342009,0.796710268008,1
1600,79,0.992131958984,0.907507266725,1
1600,97,0.91185532541,0.91185532541,1
950,84,0.992423234332,0.874718503365,1
950,66,0.963293866933,0.902134399885,1
950,98,0.954055561146,0.82104804625,1
950,68,0.950723628257,0.885200247734,1
950,59,0.898470801059,0.898470801059,1
950,59,0.866647344074,0.831012647709,1
950,82,0.966689123502,0.957005543401,1
950,54,0.962062427075,0.962062427075,1
950,52,0.908380393473,0.908380393473,1
950,56,0.987270963077,0.985031202584,1
950,59,0.98647571853,0.972224308785,1
950,53,0.917769315603,0.917769315603,1
950,102,0.868793233919,0.627347302711,1
950,81,0.980850735563,0.888504432235,1
950,89,0.988496604578,0.860149650338,1
950,103,0.944000119187,0.944000119187,1
950,75,0.993367251052,0.882785676764,1
950,77,0.986418052638,0.767340017588,1
950,91,0.992371382966,0.938819177326,1
950,85,0.815078941319,0.815078941319,1
950,68,0.878633650879,0.868109539627,1
950,64,0.969306549309,0.958246391833,1
950,77,0.948260357519,0.948260357519,1
950,58,0.948679182311,0.948679182311,1
950,69,0.973106744093,0.973106744093,1
950,56,0.903034125904,0.884493067439,1
950,71,0.930596604011,0.930596604011,1
950,97,0.990083942652,0.990083942652,1
950,70,0.98189376844,0.902960612633,1
950,78,0.786258343101,0.701309618712,1
950,93,0.997524941522,0.718402799638,1
950,69,0.902323050816,0.902323050816,1
950,78,0.936800619482,0.936800619482,1
950,60,0.992999593077,0.992999593077,1
950,90,0.994203579333,0.994203579333,1
950,62,0.989982249405,0.928051314207,1
950,63,0.942533658522,0.924482878867,1
950,69,0.987784898305,0.916364915747,1
950,82,0.993553128517,0.780225293105,1
950,69,0.983310584677,0.930152234322,1
950,66,0.948268171776,0.861957819912,1
950,57,0.940157009937,0.940157009937,1
950,107,0.999741140696,0.901782792365,1
950,59,0.953951050364,0.924699844536,1
950,68,0.945441687143,0.925613123562,1
950,63,0.968147503164,0.968147503164,1
950,84,0.950530184592,0.696376900812,1
950,61,0.959943413062,0.959943413062,1
950,46,0.933845550811,0.933845550811,1
950,71,0.981922884642,0.905244187335,1
1500,66,0.997406664559,0.997406664559,1
1500,60,0.927258574386,0.823136895893,1
1500,62,0.903961485783,0.883644085622,1
1500,69,0.940530391671,0.834991328474,1
1500,65,0.929151277417,0.929151277417,1
1500,63,0.983195087572,0.983195087572,1
1500,87,0.985076623458,0.985076623458,1
1500,63,0.944632992198,0.936753000805,1
1500,70,0.983031183973,0.983031183973,1
1500,57,0.981537670616,0.981537670616,1
1500,77,0.985552505786,0.966323355228,1
1500,63,0.997853797964,0.846740513933,1
1500,55,0.993451271283,0.993451271283,1
1500,72,0.988386621153,0.940245964811,1
1500,86,0.978095192016,0.978095192016,1
1500,79,0.949582088142,0.822810439538,1
1500,65,0.960176511423,0.960176511423,1
1500,65,0.901986895007,0.901986895007,1
1500,65,0.945195355947,0.940232512206,1
1500,74,0.98518340476,0.983286989477,1
1500,80,0.949806059324,0.949806059324,1
1500,58,0.861475087663,0.806203497768,1
1500,79,0.982174186295,0.828347733748,1
1500,51,0.971792414623,0.971792414623,1
1500,63,0.888903566939,0.888903566939,1
1500,70,0.895783402453,0.857171603393,1
1500,83,0.901339224823,0.901339224823,1
1500,70,0.982915067833,0.913637288587,1
1500,66,0.984624963079,0.977680457274,1
1500,65,0.931222093497,0.91763953694,1
1500,67,0.912642896061,0.90977347632,1
1500,65,0.952663009961,0.952663009961,1
1500,60,0.982260126456,0.982260126456,1
1500,55,0.940437208121,0.911664652682,1
1500,70,0.998643643241,0.989977014374,1
1500,105,0.992505537801,0.775882679631,1
1500,60,0.990503167323,0.990503167323,1
1500,75,0.927898954168,0.823455641871,1
1500,95,0.978373727716,0.970125270943,1
1500,75,0.980510304164,0.774491849143,1
1500,61,0.970373542829,0.970373542829,1
1500,62,0.972292775401,0.972292775401,1
1500,64,0.995568671698,0.958397189964,1
1500,77,0.971072901609,0.956983633722,1
1500,96,0.885748298496,0.828557838273,1
1500,60,0.992665677401,0.992665677401,1
1500,73,0.935373672397,0.925815512622,1
1500,95,0.93235159429,0.666485603558,1
1500,82,0.99330955195,0.99330955195,1
1500,63,0.988332257663,0.966380123775,1
250,71,0.9889105427,0.962021448004,1
250,58,0.963115428666,0.963115428666,1
250,58,0.989917458029,0.919416846183,1
250,71,0.923627712797,0.908496205419,1
250,62,0.95949908667,0.654907723887,1
250,57,0.831856162995,0.780549481961,1
250,42,0.956563324189,0.956563324189,1
250,67,0.979265352181,0.979265352181,1
250,51,0.93455412421,0.736551275262,1
250,95,0.985631844239,0.824293132123,1
250,63,0.958188874563,0.905472511431,1
250,95,0.968524236414,0.854920877056,1
250,63,0.953653835712,0.953653835712,1
250,68,0.989877037411,0.719062121786,1
250,47,0.9299418921,0.865527190395,1
250,65,0.937725212303,0.937725212303,1
250,94,0.917141180938,0.917141180938,1
250,51,0.959693503739,0.822519466227,1
250,74,0.894742473058,0.834082726628,1
250,43,0.958808992033,0.927938438745,1
250,57,0.886254490336,0.759639094862,1
250,56,0.996780548964,0.972261813187,1
250,60,0.945951607444,0.894564176059,1
250,35,0.975775427656,0.915805751115,1
250,62,0.971512983831,0.969752491978,1
250,67,0.973448830189,0.732226925671,1
250,58,0.97335227251,0.777788367719,1
250,65,0.99510439528,0.848386704744,1
250,49,0.9989275367,0.900709720401,1
250,48,0.996249550036,0.864167363615,1
250,38,0.982079320806,0.959065727275,1
250,66,0.938556603282,0.896100302178,1
250,65,0.858157713655,0.851203487645,1
250,69,0.964407443229,0.660892227089,1
250,103,0.979680502841,0.62819858846,1
250,61,0.96561720663,0.964900912694,1
250,65,0.940462414725,0.879409916447,1
250,49,0.92785345257,0.89564850015,1
250,130,0.985552221193,0.938420296416,1
250,63,0.97781363927,0.834882871446,1
250,86,0.931983292036,0.778133336829,1
250,57,0.979447494331,0.938033136676,1
250,55,0.9415146275,0.892374161583,1
250,59,0.994068517093,0.994068517093,1
250,75,0.99204968842,0.99204968842,1
250,47,0.966688877791,0.896392397025,1
250,56,0.984822314898,0.984822314898,1
250,58,0.97788879108,0.838014928171,1
250,63,0.96190395408,0.96190395408,1
250,57,0.966546458074,0.966546458074,1
50,47,0.886414184179,0.804718971118,1
50,63,0.97991708372,0.358916729358,1
50,35,0.909258658053,0.909258658053,1
50,49,0.996431574085,0.70476855569,1
50,55,0.992557308197,0.992557308197,1
50,69,0.927110087927,0.79377310476,1
50,36,0.952232842084,0.774502295248,1
50,54,0.888503502684,0.797066974533,1
50,31,0.99310541561,0.912018352106,1
50,54,0.961676010769,0.878060379849,1
50,63,0.983041009289,0.844041462574,1
50,28,0.941482774625,0.762079698567,1
50,57,0.949344947392,0.797348766998,1
50,42,0.955841499122,0.891717654775,1
50,79,0.937718261746,0.54399756571,1
50,38,0.973913473237,0.69938722728,1
50,56,0.845083274449,0.770983460386,1
50,43,0.914282858996,0.753803935249,1
50,48,0.998144456277,0.875370175878,1
50,52,0.999183741222,0.559998783977,1
50,43,0.908894805417,0.704694148579,1
50,36,0.953274068562,0.661158984987,1
50,53,0.805430205841,0.613918834416,1
50,44,0.914493306556,0.700100648382,1
50,32,0.955487410991,0.941605545903,1
50,64,0.972554504259,0.6470350268,1
50,35,0.989764924836,0.989764924836,1
50,54,0.950122446962,0.601418350915,1
50,60,0.970662300552,0.800288220571,1
50,36,0.880026625857,0.880026625857,1
50,37,0.969552880658,0.969552880658,1
50,51,0.84415890239,0.68593398852,1
50,52,0.978033872143,0.94288872873,1
50,58,0.991240323854,0.538303083239,1
50,48,0.952220570536,0.930232428744,1
50,32,0.968483267187,0.961846857231,1
50,62,0.785031316906,0.505313826101,1
50,37,0.977511810601,0.744080666654,1
50,37,0.99434897755,0.918416785682,1
50,38,0.945478934545,0.658369882758,1
50,67,0.946796034116,0.753807419306,1
50,68,0.980240566409,0.794378492332,1
50,54,0.934822056321,0.489720238629,1
50,33,0.996915325795,0.955767973982,1
50,62,0.995850329104,0.777519955476,1
50,52,0.973154962699,0.790518137348,1
50,36,0.987378240436,0.987378240436,1
50,31,0.959599530133,0.953398589866,1
50,28,0.957194861416,0.936549668674,1
50,40,0.894402225376,0.778806331161,1
1800,69,0.950564631863,0.899702092898,1
1800,86,0.92011692574,0.92011692574,1
1800,66,0.801298256726,0.788617312404,1
1800,91,0.882778924291,0.842333581433,1
1800,63,0.946669184048,0.946669184048,1
1800,137,0.991518654686,0.752640381883,1
1800,66,0.979313911881,0.979313911881,1
1800,76,0.962125144752,0.92501579448,1
1800,64,0.97593704821,0.97593704821,1
1800,87,0.929438119482,0.895867220416,1
1800,92,0.943082020706,0.899574424547,1
1800,69,0.978064776438,0.978064776438,1
1800,61,0.980671617055,0.896150416299,1
1800,81,0.773165443596,0.773165443596,1
1800,70,0.988626117438,0.949028260709,1
1800,79,0.960276374111,0.954060668595,1
1800,70,0.955038114715,0.955038114715,1
1800,76,0.9980455418,0.964533413858,1
1800,91,0.981738980704,0.82418790432,1
1800,81,0.992295637001,0.872674633487,1
1800,89,0.987620564982,0.987620564982,1
1800,91,0.928511758977,0.923662485734,1
1800,76,0.979534205101,0.88811679133,1
1800,91,0.858649373351,0.72364539427,1
1800,84,0.879168127857,0.73160745741,1
1800,58,0.912659389113,0.912659389113,1
1800,75,0.99739472207,0.886294527158,1
1800,75,0.94297627626,0.918375735392,1
1800,57,0.990618993426,0.990618993426,1
1800,69,0.997248295699,0.980260133918,1
1800,62,0.963580490438,0.962711139318,1
1800,73,0.931208219516,0.931208219516,1
1800,76,0.916845814349,0.768864925053,1
1800,71,0.985835086874,0.985835086874,1
1800,69,0.997375741332,0.989301281855,1
1800,64,0.924247491119,0.867021656809,1
1800,68,0.986287010074,0.877294053278,1
1800,69,0.85847957286,0.812930240348,1
1800,64,0.981106678729,0.981106678729,1
1800,53,0.951853961465,0.951853961465,1
1800,56,0.986426165253,0.986426165253,1
1800,71,0.988247047536,0.988247047536,1
1800,68,0.990391745958,0.990391745958,1
1800,79,0.801058498706,0.801058498706,1
1800,89,0.995827292753,0.862100172555,1
1800,75,0.936815608333,0.846554799094,1
1800,83,0.964500402504,0.905932058867,1
1800,69,0.942782060688,0.942782060688,1
1800,104,0.943412810952,0.843526687183,1
1800,95,0.9941653479,0.9941653479,1
1100,76,0.883047253734,0.883047253734,1
1100,55,0.965183066278,0.899858357257,1
1100,71,0.921843638901,0.919455964035,1
1100,50,0.991029732656,0.991029732656,1
1100,75,0.957121119624,0.867479472406,1
1100,50,0.984200397926,0.929363969139,1
1100,53,0.973025986874,0.973025986874,1
1100,77,0.975916267309,0.820204541299,1
1100,74,0.944019479338,0.932200974352,1
1100,101,0.954100698915,0.894116333168,1
1100,61,0.991550968484,0.991550968484,1
1100,117,0.995414687609,0.995414687609,1
1100,65,0.978793365067,0.921114198918,1
1100,55,0.975939199943,0.975939199943,1
1100,74,0.879499719505,0.832781182019,1
1100,67,0.950476985103,0.74340941894,1
1100,84,0.977863465349,0.977863465349,1
1100,86,0.975236524404,0.717538521061,1
1100,80,0.992276693406,0.887893612882,1
1100,67,0.932170268175,0.932170268175,1
1100,86,0.830161128143,0.823897099921,1
1100,72,0.98754895886,0.896918989121,1
1100,80,0.979548334596,0.957885506025,1
1100,74,0.919390594137,0.837177635105,1
1100,57,0.955236780472,0.955236780472,1
1100,82,0.982457450942,0.816935017629,1
1100,89,0.996512193731,0.828978061335,1
1100,57,0.958969658954,0.958969658954,1
1100,82,0.97581147422,0.97581147422,1
1100,67,0.939910915445,0.838797609018,1
1100,71,0.94350643448,0.903136072233,1
1100,77,0.923302197329,0.923302197329,1
1100,88,0.940552389295,0.86057648795,1
1100,86,0.985787062626,0.756801365433,1
1100,75,0.968732398254,0.847020854716,1
1100,64,0.969588486715,0.969588486715,1
1100,51,0.998368745281,0.998368745281,1
1100,70,0.973543908194,0.973543908194,1
1100,66,0.984557730545,0.776187992579,1
1100,78,0.916936486581,0.909796020997,1
1100,102,0.986573027831,0.830090983123,1
1100,72,0.997711958755,0.949750669209,1
1100,62,0.913217141019,0.913217141019,1
1100,63,0.992252563148,0.888301150984,1
1100,82,0.991433811512,0.991433811512,1
1100,89,0.93777456688,0.737069324158,1
1100,88,0.988882128307,0.937534534449,1
1100,73,0.999503657334,0.999503657334,1
1100,97,0.903501170262,0.885546900993,1
1100,66,0.976538941395,0.976538941395,1
2000,71,0.830485017582,0.809752012563,1
2000,97,0.870879030724,0.870879030724,1
2000,71,0.927848541092,0.925587926382,1
2000,56,0.957239712553,0.957239712553,1
2000,61,0.942140632844,0.89980565368,1
2000,61,0.915314320946,0.900492771652,1
2000,71,0.998214268418,0.89755874074,1
2000,72,0.902093862569,0.902093862569,1
2000,72,0.975409883836,0.975409883836,1
2000,73,0.966232140473,0.966232140473,1
2000,64,0.950758491321,0.950758491321,1
2000,79,0.985476336371,0.985476336371,1
2000,99,0.959246839511,0.916976607066,1
2000,78,0.892132773493,0.823816299168,1
2000,69,0.891360011944,0.891360011944,1
2000,63,0.916577438397,0.916577438397,1
2000,82,0.98455322148,0.890010373397,1
2000,71,0.983831400755,0.983831400755,1
2000,79,0.934977117342,0.895574679283,1
2000,119,0.800474938001,0.800474938001,1
2000,86,0.813614160025,0.697683605635,1
2000,78,0.996251915272,0.905610732855,1
2000,89,0.97680023262,0.895327158117,1
2000,61,0.960400083212,0.960400083212,1
2000,82,0.933606730628,0.909393252444,1
2000,78,0.91127392333,0.91127392333,1
2000,85,0.963719218918,0.882019325975,1
2000,56,0.989933450548,0.989933450548,1
2000,68,0.961428973258,0.961428973258,1
2000,60,0.973133372928,0.973133372928,1
2000,82,0.960846652804,0.911275899829,1
2000,99,0.840840575541,0.788643374334,1
2000,59,0.99821710062,0.99821710062,1
2000,61,0.984591750352,0.950726189125,1
2000,64,0.997559482969,0.997559482969,1
2000,74,0.977493243346,0.977493243346,1
2000,101,0.998666686557,0.998666686557,1
2000,89,0.990787298509,0.84491996031,1
2000,77,0.893658266688,0.837967771141,1
2000,85,0.901382243194,0.812248736132,1
2000,58,0.967949353471,0.967949353471,1
2000,67,0.968876318042,0.968876318042,1
2000,83,0.973600521758,0.973600521758,1
2000,60,0.860509316699,0.860509316699,1
2000,54,0.971177962262,0.971177962262,1
2000,68,0.868361951855,0.868361951855,1
2000,70,0.996141456185,0.996141456185,1
2000,66,0.994683275774,0.941771345257,1
2000,58,0.978186454659,0.978186454659,1
2000,75,0.960173334755,0.950504580913,1
700,86,0.914673084257,0.830984510076,1
700,73,0.960941541995,0.960941541995,1
700,68,0.949904033076,0.949904033076,1
700,61,0.98699559157,0.98699559157,1
700,96,0.980394303279,0.893812345518,1
700,49,0.989538141779,0.989538141779,1
700,88,0.96580146772,0.738959198137,1
700,100,0.984896734785,0.847518647779,1
700,81,0.980728219453,0.839180181724,1
700,71,0.972860463778,0.729486214656,1
700,57,0.949944032114,0.949944032114,1
700,60,0.950442143305,0.915078259728,1
700,69,0.99955181182,0.812130203992,1
700,90,0.9971228752,0.923031070706,1
700,63,0.98374927061,0.855303115764,1
700,79,0.739462704561,0.736494906273,1
700,69,0.944765751264,0.704505354817,1
700,66,0.956391604719,0.741487056377,1
700,61,0.958149040786,0.871733595351,1
700,51,0.924840903157,0.924840903157,1
700,57,0.945677200861,0.920880398579,1
700,82,0.972787714117,0.790190720573,1
700,73,0.97018622698,0.97018622698,1
700,67,0.96488735567,0.96488735567,1
700,55,0.979452509186,0.979452509186,1
700,67,0.998846903252,0.998846903252,1
700,71,0.921510115409,0.754692284534,1
700,72,0.950350249211,0.834939889672,1
700,56,0.926793799317,0.902371903432,1
700,81,0.855180149635,0.855180149635,1
700,58,0.976850585014,0.976850585014,1
700,60,0.99232365448,0.890400770323,1
700,93,0.947471325588,0.947471325588,1
700,76,0.83442293071,0.82139650324,1
700,66,0.950756404024,0.918228262131,1
700,51,0.963249766497,0.963249766497,1
700,83,0.946189360137,0.792027467556,1
700,78,0.960869167854,0.897733522998,1
700,59,0.920435982885,0.920435982885,1
700,53,0.946496854182,0.906761651636,1
700,48,0.902510193356,0.902510193356,1
700,78,0.924517531018,0.924517531018,1
700,69,0.986345027293,0.986345027293,1
700,71,0.996544174527,0.96208742341,1
700,87,0.987243870872,0.987243870872,1
700,81,0.851578252876,0.809858581424,1
700,63,0.862178298284,0.862178298284,1
700,94,0.990552141752,0.963930172634,1
700,67,0.953854359865,0.815804394158,1
700,67,0.967578090196,0.780196017278,1
1250,85,0.953200753351,0.78731373496,1
1250,75,0.96805635067,0.96805635067,1
1250,73,0.897418408776,0.864893109606,1
1250,97,0.91225683156,0.78415672008,1
1250,76,0.904597023613,0.801558551208,1
1250,63,0.948525265834,0.948525265834,1
1250,89,0.978321907003,0.921650991335,1
1250,73,0.975600338516,0.975600338516,1
1250,70,0.998011216961,0.998011216961,1
1250,67,0.952359158549,0.952359158549,1
1250,64,0.883900789957,0.883900789957,1
1250,67,0.997661588468,0.997661588468,1
1250,72,0.986940080655,0.711347986628,1
1250,74,0.94666102035,0.812408340734,1
1250,85,0.815449982624,0.780857957987,1
1250,56,0.979177952296,0.979177952296,1
1250,69,0.999335141251,0.999335141251,1
1250,84,0.994466869935,0.891973244962,1
1250,67,0.983535228073,0.915149199843,1
1250,64,0.945283748839,0.919912953581,1
1250,73,0.993141662171,0.908218055372,1
1250,62,0.912018311919,0.912018311919,1
1250,78,0.988559710424,0.974454180454,1
1250,65,0.973094226772,0.920323527992,1
1250,58,0.995826436436,0.954799546855,1
1250,68,0.902150334017,0.902150334017,1
1250,46,0.990620643128,0.983009500068,1
1250,90,0.832418376231,0.831487741799,1
1250,62,0.920131339628,0.836015842828,1
1250,92,0.942839104219,0.831854896194,1
1250,74,0.99375144931,0.990237201657,1
1250,62,0.909664118661,0.909664118661,1
1250,62,0.982782184118,0.982782184118,1
1250,58,0.987565176177,0.987565176177,1
1250,51,0.989470115168,0.989470115168,1
1250,52,0.932943239308,0.932943239308,1
1250,63,0.937414537538,0.937414537538,1
1250,89,0.97271174211,0.97271174211,1
1250,72,0.868251916572,0.823255085882,1
1250,57,0.980949768625,0.928453839363,1
1250,62,0.930115208488,0.897091309478,1
1250,68,0.915443060779,0.811397166712,1
1250,93,0.968227330804,0.889725089404,1
1250,61,0.993062868402,0.965724655254,1
1250,68,0.955800788887,0.955800788887,1
1250,50,0.982362496676,0.982362496676,1
1250,72,0.980202417797,0.854624270572,1
1250,61,0.996265783548,0.857954750106,1
1250,63,0.999283775441,0.999283775441,1
1250,66,0.977398586855,0.964647674433,1
900,54,0.956136431986,0.920539107987,1
900,60,0.966666857125,0.953690923527,1
900,65,0.999520671336,0.898436615672,1
900,67,0.990259161511,0.882494715413,1
900,65,0.938989012124,0.734474747923,1
900,61,0.968331620661,0.968331620661,1
900,67,0.942852589755,0.942852589755,1
900,69,0.969809727437,0.969809727437,1
900,76,0.971552242641,0.971552242641,1
900,65,0.974998474794,0.974998474794,1
900,49,0.957287239161,0.902737130156,1
900,58,0.930110765327,0.930110765327,1
900,79,0.897777936097,0.812710313045,1
900,63,0.892073726841,0.761750487549,1
900,66,0.998384666098,0.882922537459,1
900,63,0.948963436787,0.919170878049,1
900,77,0.993606306035,0.832361673542,1
900,84,0.826253205794,0.606673140544,1
900,67,0.992580363606,0.957199896535,1
900,44,0.971208981387,0.971208981387,1
900,79,0.942888178245,0.942888178245,1
900,83,0.993529117679,0.993529117679,1
900,63,0.931879979503,0.907788438993,1
900,80,0.926472569062,0.926472569062,1
900,62,0.877235753251,0.87418149073,1
900,69,0.935128650824,0.935128650824,1
900,87,0.965273320343,0.936714096497,1
900,58,0.930868102489,0.930868102489,1
900,76,0.95898840642,0.95898840642,1
900,71,0.949358527639,0.83480560839,1
900,100,0.874516509735,0.770541406836,1
900,90,0.945806994461,0.776030181622,1
900,69,0.802306984062,0.768322744386,1
900,63,0.969412718384,0.938465344727,1
900,59,0.978800214518,0.946065013644,1
900,63,0.985822388934,0.985822388934,1
900,73,0.987884828185,0.987884828185,1
900,70,0.91569537084,0.91569537084,1
900,71,0.872063681618,0.771616120412,1
900,63,0.969097584849,0.878047529698,1
900,79,0.967519002837,0.773713813847,1
900,73,0.848841082556,0.848841082556,1
900,60,0.94302422961,0.878761328218,1
900,67,0.96900029209,0.819627327842,1
900,80,0.994554366457,0.888382540638,1
900,79,0.758758078419,0.758758078419,1
900,59,0.973345302294,0.973345302294,1
900,61,0.984788044791,0.984788044791,1
900,70,0.708190065528,0.708190065528,1
900,59,0.915256099361,0.915256099361,1
100,33,0.991297656307,0.928161076744,1
100,38,0.994247725756,0.875346949759,1
100,91,0.92557082383,0.452824944441,1
100,57,0.986392432721,0.711069230331,1
100,52,0.979305157303,0.60713475007,1
100,42,0.976997960498,0.976997960498,1
100,35,0.934178680403,0.927435149285,1
100,49,0.994702916309,0.994702916309,1
100,32,0.935841416045,0.935841416045,1
100,51,0.974519956278,0.974519956278,1
100,44,0.942117095913,0.916865307211,1
100,64,0.852714998115,0.781770669794,1
100,57,0.915877789516,0.735921480496,1
100,43,0.799212349354,0.735341632524,1
100,58,0.986608183201,0.903949906506,1
100,52,0.985256250506,0.872209143904,1
100,61,0.949331566624,0.949331566624,1
100,48,0.990969089929,0.948626328461,1
100,39,0.986617672204,0.782286067309,1
100,59,0.999926943261,0.885485972197,1
100,74,0.927177471072,0.690357709451,1
100,41,0.98255151828,0.967308236469,1
100,45,0.987469847429,0.987469847429,1
100,65,0.987564900842,0.753405132272,1
100,38,0.920149419011,0.920149419011,1
100,60,0.873340374911,0.846338693182,1
100,44,0.903113517082,0.903113517082,1
100,51,0.937468379389,0.880344729057,1
100,51,0.941307713523,0.613223906605,1
100,40,0.953710363859,0.890254714361,1
100,54,0.995298235421,0.972418720208,1
100,55,0.891122166432,0.891122166432,1
100,42,0.982509868519,0.684377693396,1
100,44,0.989698852461,0.989698852461,1
100,60,0.924674474804,0.822622608896,1
100,58,0.980991986492,0.951244675475,1
100,51,0.915191046887,0.915191046887,1
100,34,0.875734438364,0.875734438364,1
100,49,0.99382534199,0.984269613114,1
100,40,0.889976099055,0.811515096679,1
100,62,0.972426210984,0.417857853944,1
100,64,0.982069786578,0.982069786578,1
100,35,0.999630731933,0.986861834079,1
100,51,0.920073280331,0.877450890822,1
100,62,0.964262305255,0.866707416317,1
100,47,0.949134471205,0.775763890278,1
100,55,0.941227711731,0.824920442345,1
100,43,0.94014527968,0.8177977519,1
100,72,0.938206280018,0.730281250867,1
100,70,0.978975882645,0.951729673308,1
1200,78,0.877244428467,0.827467549187,1
1200,72,0.95664274182,0.95664274182,1
1200,85,0.997979535751,0.800666489901,1
1200,58,0.950159514558,0.950159514558,1
1200,67,0.929438294238,0.838161974321,1
1200,89,0.979455706673,0.889875444233,1
1200,71,0.974227269615,0.88638256278,1
1200,66,0.964445828628,0.964445828628,1
1200,91,0.82204623371,0.722339526117,1
1200,70,0.995341192946,0.938358812702,1
1200,47,0.994077964088,0.994077964088,1
1200,78,0.947206163712,0.881242609107,1
1200,78,0.861734705142,0.710997438364,1
1200,50,0.993560075131,0.938423716879,1
1200,57,0.90705770835,0.90705770835,1
1200,68,0.927545469357,0.927545469357,1
1200,71,0.910308050349,0.910308050349,1
1200,73,0.865252512299,0.865252512299,1
1200,75,0.938130716629,0.938130716629,1
1200,69,0.982061513321,0.982061513321,1
1200,58,0.888137822916,0.888137822916,1
1200,75,0.938670206268,0.923271255913,1
1200,93,0.947415081565,0.947415081565,1
1200,74,0.997371446913,0.772965469101,1
1200,77,0.824336119657,0.761662980939,1
1200,79,0.978388853723,0.93140877844,1
1200,61,0.990308368781,0.990308368781,1
1200,59,0.999236749647,0.910438589601,1
1200,92,0.98193803786,0.98193803786,1
1200,61,0.971162222983,0.971162222983,1
1200,54,0.988963508746,0.983753767816,1
1200,80,0.991397248573,0.913639103546,1
1200,68,0.958605543562,0.803080318286,1
1200,71,0.957974992158,0.836521375557,1
1200,106,0.984017623983,0.984017623983,1
1200,100,0.977319717902,0.861130986124,1
1200,57,0.990621704493,0.944605177244,1
1200,82,0.882028354003,0.882028354003,1
1200,63,0.981939276292,0.979550095883,1
1200,75,0.865012311922,0.744073014164,1
1200,55,0.985593178749,0.958635997563,1
1200,58,0.832140044261,0.832140044261,1
1200,93,0.991533118674,0.964687511319,1
1200,63,0.939395739566,0.939395739566,1
1200,63,0.983895440199,0.977269304303,1
1200,62,0.980108727113,0.980108727113,1
1200,70,0.944834673568,0.848386053188,1
1200,89,0.996703633559,0.873891227525,1
1200,65,0.973058377836,0.973058377836,1
1200,79,0.918025798687,0.822160505416,1
400,90,0.92568746715,0.909068402376,1
400,58,0.886220933105,0.886220933105,1
400,55,0.924760335691,0.924760335691,1
400,63,0.86530247488,0.724277910462,1
400,60,0.986642229878,0.884931187102,1
400,56,0.915178816583,0.790182957986,1
400,61,0.901637247286,0.901637247286,1
400,70,0.871237264833,0.689310685754,1
400,65,0.998298347212,0.941833335247,1
400,70,0.998934724611,0.965092149665,1
400,77,0.958032247266,0.617656853072,1
400,61,0.966747394328,0.767061244396,1
400,70,0.942850723113,0.825531053521,1
400,59,0.823868597365,0.823868597365,1
400,90,0.68694944514,0.68694944514,1
400,60,0.963641207273,0.920753736983,1
400,50,0.928932015992,0.704490262245,1
400,52,0.962551772709,0.954344596154,1
400,55,0.930764166696,0.930764166696,1
400,62,0.995446583331,0.762673444534,1
400,82,0.864473244762,0.864473244762,1
400,52,0.879452922772,0.879452922772,1
400,51,0.934888893392,0.927788887026,1
400,69,0.980124676194,0.891662557933,1
400,49,0.992347415959,0.943307243551,1
400,57,0.976492030767,0.976492030767,1
400,84,0.961806490737,0.900649788267,1
400,68,0.997348221782,0.997348221782,1
400,53,0.909310076169,0.903588072065,1
400,64,0.91543050722,0.70155237989,1
400,81,0.965806253426,0.965806253426,1
400,75,0.867760985838,0.867760985838,1
400,66,0.99389011448,0.887658965301,1
400,106,0.9862631068,0.9862631068,1
400,68,0.756445720121,0.733327168718,1
400,56,0.994545199657,0.83347935122,1
400,63,0.954862494194,0.86461280333,1
400,70,0.907543648631,0.905343249096,1
400,60,0.924633721561,0.784646661808,1
400,71,0.993684323355,0.859930268697,1
400,52,0.915115291496,0.835780341493,1
400,59,0.900345470582,0.894545942855,1
400,50,0.994293227919,0.952721765368,1
400,59,0.912117772974,0.912117772974,1
400,52,0.991571696068,0.991571696068,1
400,60,0.921966760952,0.921458565989,1
400,67,0.822300906708,0.822300906708,1
400,54,0.958105181777,0.937431489494,1
400,97,0.859106091284,0.830702274316,1
400,71,0.98560665568,0.8023285065,1
1400,71,0.964490609825,0.964490609825,1
1400,60,0.986531448324,0.986531448324,1
1400,68,0.912196273446,0.912196273446,1
1400,64,0.997691217436,0.997691217436,1
1400,63,0.974516109823,0.974516109823,1
1400,62,0.996054921679,0.996054921679,1
1400,67,0.956108974518,0.797143204355,1
1400,89,0.896692258487,0.789607244056,1
1400,66,0.966906887111,0.958975248483,1
1400,98,0.966768299311,0.966768299311,1
1400,99,0.98460404644,0.905244327625,1
1400,70,0.980568772814,0.980568772814,1
1400,94,0.99314440794,0.883341671647,1
1400,74,0.9578598577,0.945458430245,1
1400,89,0.949480211918,0.949480211918,1
1400,74,0.981282598613,0.92140579863,1
1400,80,0.888465966336,0.872286436982,1
1400,60,0.933518579486,0.933518579486,1
1400,82,0.975723532443,0.842227918741,1
1400,70,0.98589926895,0.862762792706,1
1400,85,0.968637312169,0.898575239301,1
1400,64,0.982824850888,0.978804203317,1
1400,63,0.995219727961,0.948157140341,1
1400,63,0.930814319505,0.899955783669,1
1400,72,0.989782157674,0.989782157674,1
1400,85,0.946055711494,0.946055711494,1
1400,96,0.91434656408,0.91434656408,1
1400,76,0.965396871426,0.960332780898,1
1400,78,0.819401578167,0.764545511718,1
1400,63,0.991827871671,0.984698245948,1
1400,58,0.980015470885,0.872706419189,1
1400,80,0.99413296534,0.968125364093,1
1400,54,0.98584416956,0.98584416956,1
1400,68,0.966031667114,0.945008719798,1
1400,106,0.891388459685,0.771283396367,1
1400,66,0.946906305908,0.815133219164,1
1400,93,0.940941823696,0.940941823696,1
1400,59,0.938288886612,0.882934608389,1
1400,60,0.907790383906,0.899588052367,1
1400,56,0.915710643261,0.767275925907,1
1400,80,0.885822112812,0.87889637944,1
1400,94,0.975914723439,0.975914723439,1
1400,70,0.996728479575,0.952888350807,1
1400,59,0.922832178178,0.745461213007,1
1400,60,0.896256968687,0.835560353378,1
1400,83,0.949457169986,0.949457169986,1
1400,64,0.98313799167,0.852221747521,1
1400,84,0.912840105842,0.912840105842,1
1400,98,0.986070416432,0.944743543376,1
1400,75,0.985344787664,0.981265738949,1
850,74,0.981505486559,0.785463340088,1
850,68,0.862128603901,0.74917464325,1
850,62,0.988508453996,0.988508453996,1
850,75,0.987373391183,0.822569272819,1
850,70,0.998978994923,0.998978994923,1
850,57,0.968828046774,0.968828046774,1
850,61,0.853400392992,0.808409994066,1
850,53,0.969622951068,0.917870187437,1
850,50,0.991516699682,0.946678359036,1
850,76,0.950247477225,0.727594771642,1
850,82,0.955070664928,0.891924710681,1
850,56,0.945231286058,0.870249416546,1
850,64,0.876939235404,0.876939235404,1
850,54,0.992046302243,0.828209828234,1
850,61,0.932560733263,0.759934586091,1
850,53,0.991453552437,0.955031880651,1
850,71,0.929699894852,0.929699894852,1
850,71,0.853912317401,0.853912317401,1
850,82,0.96309247886,0.96309247886,1
850,75,0.898571571297,0.883499302524,1
850,52,0.999131176193,0.967665737296,1
850,72,0.960962586572,0.960962586572,1
850,92,0.922065589762,0.822353308595,1
850,73,0.937208003399,0.937208003399,1
850,67,0.983570543588,0.914401995692,1
850,60,0.952030762991,0.950832152055,1
850,82,0.997581400885,0.677124858304,1
850,69,0.956597980013,0.956597980013,1
850,57,0.999554986597,0.922796718857,1
850,61,0.975924517685,0.975924517685,1
850,60,0.981784320666,0.981784320666,1
850,60,0.931601308128,0.930102965097,1
850,65,0.958528498761,0.958528498761,1
850,78,0.938897508373,0.825749330561,1
850,61,0.8322345117,0.797745614329,1
850,56,0.999263288276,0.999263288276,1
850,94,0.983875948981,0.983875948981,1
850,80,0.888679829413,0.826426711837,1
850,80,0.953065413107,0.953065413107,1
850,74,0.867621940954,0.836680339554,1
850,59,0.996409709472,0.988209679222,1
850,84,0.943583191108,0.861491360044,1
850,62,0.981279229763,0.981279229763,1
850,58,0.885465733863,0.885465733863,1
850,61,0.945000384515,0.885212715413,1
850,62,0.95270224757,0.95270224757,1
850,58,0.858678213111,0.858678213111,1
850,77,0.963821425011,0.799710250478,1
850,70,0.896905489588,0.896905489588,1
850,70,0.990750779187,0.979367302746,1
350,83,0.996922214604,0.879041488763,1
350,55,0.939037145882,0.939037145882,1
350,47,0.925715715386,0.829844183731,1
350,77,0.95718426567,0.737922873385,1
350,52,0.965281697681,0.899469846172,1
350,57,0.974592384752,0.796033177879,1
350,80,0.924914606443,0.863548990868,1
350,61,0.977777162318,0.897654359821,1
350,62,0.921220858853,0.91914974186,1
350,64,0.898961832234,0.825740659378,1
350,82,0.983159989837,0.93730604544,1
350,46,0.944988647912,0.808147777278,1
350,65,0.928775316465,0.928775316465,1
350,55,0.995756730464,0.819074740655,1
350,73,0.904457559878,0.700941860982,1
350,44,0.953518363886,0.953518363886,1
350,55,0.915621808745,0.915621808745,1
350,64,0.906270679587,0.845845549815,1
350,71,0.635201655378,0.635201655378,1
350,52,0.963373361611,0.963373361611,1
350,53,0.974145886757,0.736163675812,1
350,54,0.92899481988,0.885896319147,1
350,55,0.809898171877,0.776761943947,1
350,75,0.944975924027,0.914761127706,1
350,47,0.996473065599,0.996473065599,1
350,55,0.987431820318,0.846176897954,1
350,66,0.931432500285,0.931432500285,1
350,78,0.935979795253,0.889403973855,1
350,59,0.997948665941,0.84489501817,1
350,52,0.953352399467,0.868576902934,1
350,100,0.962123345297,0.886819724886,1
350,58,0.811414654178,0.811414654178,1
350,55,0.980238665083,0.939863222333,1
350,47,0.987764719756,0.916638809749,1
350,63,0.924850264949,0.904137822029,1
350,68,0.988261113026,0.913936803534,1
350,46,0.91718081932,0.91718081932,1
350,86,0.965323336417,0.965323336417,1
350,120,0.879492043294,0.808313305366,1
350,63,0.920607344569,0.729240518937,1
350,65,0.980106937166,0.963761513635,1
350,46,0.982848026412,0.911937012294,1
350,53,0.89072823747,0.89072823747,1
350,58,0.87870762459,0.713192699055,1
350,64,0.988664099226,0.899740957979,1
350,84,0.975039042134,0.975039042134,1
350,44,0.902810281144,0.779149616599,1
350,58,0.98327068005,0.95039675082,1
350,78,0.920546382564,0.769509786368,1
350,54,0.995793888285,0.796926042084,1
1950,74,0.942080644721,0.942080644721,1
1950,70,0.976042816876,0.976042816876,1
1950,57,0.995098556264,0.995098556264,1
1950,79,0.891591836812,0.891591836812,1
1950,74,0.951727802587,0.928051518827,1
1950,75,0.928144424775,0.928144424775,1
1950,84,0.899784391535,0.86927785124,1
1950,77,0.902540524295,0.782987273007,1
1950,61,0.957524305081,0.957524305081,1
1950,91,0.987907316171,0.939201053516,1
1950,79,0.964459960556,0.889544504068,1
1950,67,0.945069287056,0.825425187199,1
1950,81,0.993512917472,0.9849157283,1
1950,65,0.997183077744,0.946797534012,1
1950,72,0.977502451188,0.91522706175,1
1950,62,0.992403496431,0.992403496431,1
1950,68,0.957704537539,0.923785003249,1
1950,72,0.896073208656,0.896073208656,1
1950,85,0.983200176892,0.983200176892,1
1950,62,0.996090930112,0.996090930112,1
1950,87,0.998865874449,0.834414193276,1
1950,61,0.989638032224,0.988332492957,1
1950,72,0.910542001176,0.89977500368,1
1950,62,0.898016471967,0.898016471967,1
1950,83,0.93917861958,0.877816665925,1
1950,66,0.998163485941,0.900228974513,1
1950,75,0.881150618843,0.881150618843,1
1950,74,0.99201311512,0.938796931446,1
1950,70,0.986912015538,0.986912015538,1
1950,84,0.917456860716,0.912409682804,1
1950,58,0.991462807884,0.991462807884,1
1950,90,0.937135015638,0.852762784144,1
1950,61,0.971567107101,0.960017304069,1
1950,95,0.834061007201,0.834061007201,1
1950,60,0.920766223122,0.920766223122,1
1950,66,0.982359591076,0.899141526386,1
1950,85,0.914890032104,0.877916379981,1
1950,101,0.984919576761,0.984919576761,1
1950,58,0.990752073447,0.990752073447,1
1950,96,0.950848870188,0.725387764139,1
1950,66,0.971233597687,0.971233597687,1
1950,71,0.933781759201,0.933781759201,1
1950,62,0.98225279005,0.98225279005,1
1950,72,0.942464637837,0.942464637837,1
1950,79,0.992923807282,0.952129366316,1
1950,105,0.92385932433,0.716302019164,1
1950,100,0.937317457559,0.753094196233,1
1950,70,0.998252624786,0.925529043006,1
1950,113,0.921014420484,0.921014420484,1
1950,55,0.966704370617,0.954294835952,1
650,56,0.980410223477,0.980410223477,1
650,61,0.99476560508,0.944250375573,1
650,53,0.999455612173,0.94391852199,1
650,76,0.969620816235,0.897190151807,1
650,69,0.988077576658,0.948233771848,1
650,54,0.940825955382,0.898236859829,1
650,66,0.950730267828,0.849431600586,1
650,95,0.975192311523,0.975192311523,1
650,87,0.959708016702,0.959708016702,1
650,70,0.963622412398,0.963622412398,1
650,58,0.981261915554,0.981261915554,1
650,78,0.918780983329,0.762596340839,1
650,59,0.919826391463,0.919826391463,1
650,103,0.852961542648,0.740948784081,1
650,84,0.936389463552,0.789065225354,1
650,86,0.799116140471,0.782459797391,1
650,58,0.935449380394,0.842828431161,1
650,68,0.891128091482,0.891128091482,1
650,65,0.846750175304,0.846750175304,1
650,67,0.917566988146,0.737174348524,1
650,54,0.978855925234,0.930600647299,1
650,85,0.965238558474,0.965238558474,1
650,56,0.918957289388,0.918957289388,1
650,55,0.983476040158,0.97141723543,1
650,76,0.93442327022,0.870189598595,1
650,71,0.98341822636,0.881076002374,1
650,78,0.997593815918,0.808303756811,1
650,66,0.990968809771,0.97137626232,1
650,72,0.99041085265,0.928383854883,1
650,56,0.914583960059,0.906636994924,1
650,67,0.928685171431,0.750324110431,1
650,74,0.902914234073,0.902914234073,1
650,67,0.807900251294,0.807900251294,1
650,69,0.96211154382,0.876019803891,1
650,64,0.986987581486,0.986987581486,1
650,51,0.956349474386,0.956349474386,1
650,68,0.948564873431,0.948564873431,1
650,77,0.980398437735,0.920818472377,1
650,81,0.884192883832,0.884192883832,1
650,75,0.880134361939,0.880134361939,1
650,62,0.995117242272,0.995117242272,1
650,62,0.958341679444,0.719490351263,1
650,53,0.894939541224,0.872720767513,1
650,68,0.999498908999,0.999498908999,1
650,72,0.95971514865,0.95971514865,1
650,72,0.963405417564,0.691187451477,1
650,65,0.90675952575,0.84957417091,1
650,68,0.998309972366,0.970033125284,1
650,63,0.92936547652,0.92936547652,1
650,68,0.97672638464,0.97672638464,1
1700,81,0.778680916151,0.682194830546,1
1700,68,0.91874606155,0.77223693893,1
1700,72,0.96769139323,0.885914867799,1
1700,77,0.997222144516,0.997222144516,1
1700,72,0.953755888322,0.948913236607,1
1700,91,0.96632935817,0.821415899827,1
1700,98,0.984215461042,0.984215461042,1
1700,57,0.974465431073,0.974465431073,1
1700,59,0.976351701284,0.902425463186,1
1700,67,0.969037666075,0.96872856877,1
1700,50,0.958663216109,0.958663216109,1
1700,61,0.946837351197,0.906427355843,1
1700,57,0.976292558443,0.976292558443,1
1700,70,0.787584490971,0.76593033471,1
1700,60,0.980387284598,0.948559530816,1
1700,85,0.979615923697,0.938965462749,1
1700,67,0.943934910102,0.943934910102,1
1700,75,0.863623948439,0.77961876136,1
1700,94,0.996381899836,0.883543906093,1
1700,65,0.987515256417,0.987515256417,1
1700,60,0.985002647122,0.955261108696,1
1700,115,0.86901315582,0.86901315582,1
1700,79,0.957707341061,0.945734627309,1
1700,71,0.925803213649,0.859707887409,1
1700,69,0.980786944866,0.92025034165,1
1700,57,0.988629134123,0.955329111395,1
1700,68,0.956710886783,0.932505863815,1
1700,74,0.992402541055,0.992402541055,1
1700,58,0.958481709542,0.928733626158,1
1700,73,0.985435311456,0.985435311456,1
1700,83,0.96412466982,0.96412466982,1
1700,82,0.896703580086,0.840195569221,1
1700,81,0.92454618327,0.879545434056,1
1700,80,0.992660225076,0.748111462118,1
1700,94,0.982026574855,0.753664561556,1
1700,78,0.825690324496,0.825690324496,1
1700,63,0.982596127968,0.958547772803,1
1700,67,0.973158777856,0.973158777856,1
1700,88,0.969905956707,0.686003148799,1
1700,77,0.967739996367,0.967739996367,1
1700,72,0.938466042046,0.908491685047,1
1700,71,0.880289492432,0.857491335772,1
1700,56,0.958315125964,0.958315125964,1
1700,82,0.971793323034,0.896206306279,1
1700,64,0.957718372196,0.90384057975,1
1700,90,0.980582245701,0.980582245701,1
1700,74,0.854533507611,0.854533507611,1
1700,73,0.899607491344,0.865357268341,1
1700,77,0.98748295292,0.98748295292,1
1700,87,0.998242573298,0.800036492881,1
200,50,0.933584269009,0.713761129793,1
200,58,0.953199888582,0.874399090716,1
200,74,0.930150446747,0.815960767142,1
200,55,0.987352814627,0.987352814627,1
200,67,0.996519187412,0.996519187412,1
200,51,0.845881339038,0.689110832132,1
200,51,0.967938926597,0.967938926597,1
200,57,0.973774637915,0.973774637915,1
200,43,0.956607757774,0.956607757774,1
200,67,0.956986669934,0.956986669934,1
200,136,0.88288164043,0.358331642616,1
200,48,0.944729150352,0.944729150352,1
200,52,0.974941537222,0.974941537222,1
200,70,0.839471986596,0.660431516122,1
200,96,0.884473907151,0.853588187955,1
200,42,0.995882441767,0.995882441767,1
200,59,0.995705716308,0.995705716308,1
200,59,0.988853189562,0.948803370487,1
200,55,0.972051016607,0.827079847844,1
200,53,0.998424218693,0.773902717521,1
200,79,0.99360010401,0.913612471719,1
200,62,0.837904811264,0.837904811264,1
200,102,0.981122923528,0.532564474887,1
200,63,0.994274859398,0.994274859398,1
200,68,0.987057122993,0.83193480993,1
200,56,0.896946694909,0.796484426625,1
200,70,0.979107828812,0.798154524489,1
200,53,0.98563982932,0.972029953902,1
200,77,0.978158180618,0.816128085233,1
200,50,0.873823371259,0.873823371259,1
200,81,0.938034017834,0.902147827669,1
200,45,0.942338401131,0.865612536044,1
200,53,0.991677462808,0.987697013953,1
200,47,0.997591996754,0.824228292402,1
200,53,0.989158190008,0.989158190008,1
200,65,0.986102422172,0.926807889422,1
200,63,0.976943577559,0.825274506265,1
200,57,0.998361445226,0.669220361746,1
200,55,0.902251667573,0.769892393143,1
200,41,0.989472765113,0.989472765113,1
200,72,0.980242946535,0.874666862857,1
200,68,0.795521229744,0.717394252031,1
200,63,0.971002019137,0.971002019137,1
200,53,0.976227859303,0.798066800402,1
200,64,0.967586862491,0.812392608517,1
200,101,0.944026925955,0.822883185993,1
200,67,0.822527885243,0.699466768786,1
200,58,0.965349013049,0.884175822224,1
200,46,0.949862518365,0.833342107692,1
200,108,0.978810466188,0.978810466188,1
800,70,0.954952701805,0.954952701805,1
800,88,0.997754216935,0.661276277225,1
800,75,0.983438985162,0.845240382819,1
800,63,0.995298507782,0.861043399701,1
800,70,0.935853263318,0.924695302646,1
800,73,0.992465571766,0.814376503148,1
800,63,0.947236561692,0.947236561692,1
800,72,0.952962559572,0.791824920856,1
800,73,0.9902870486,0.9902870486,1
800,70,0.895708322278,0.839852705082,1
800,75,0.764548703461,0.645767194936,1
800,74,0.961002119366,0.961002119366,1
800,78,0.955448268204,0.796999588482,1
800,58,0.98621501409,0.98621501409,1
800,69,0.980244668035,0.980244668035,1
800,71,0.938286250914,0.83847703418,1
800,46,0.999168907986,0.934876532987,1
800,84,0.973824941586,0.955872228398,1
800,45,0.914123691901,0.914123691901,1
800,57,0.969325559538,0.955524055271,1
800,50,0.997833745153,0.997833745153,1
800,76,0.956533233485,0.807190136346,1
800,102,0.836939799227,0.794877998831,1
800,62,0.973385354495,0.973385354495,1
800,69,0.953871330087,0.903135643465,1
800,58,0.980192039561,0.980192039561,1
800,63,0.844079189849,0.844079189849,1
800,83,0.942023061787,0.919896712322,1
800,56,0.864355269973,0.864355269973,1
800,66,0.987583884377,0.904236879794,1
800,83,0.907792947925,0.706416201426,1
800,63,0.999169241479,0.937751066991,1
800,78,0.916091840257,0.747386112146,1
800,77,0.918329823657,0.794435981041,1
800,44,0.998129074729,0.998129074729,1
800,67,0.897662116183,0.855792498513,1
800,95,0.954975651146,0.814137417374,1
800,55,0.993517980111,0.993517980111,1
800,89,0.848044302557,0.842043509811,1
800,76,0.880477272522,0.880477272522,1
800,55,0.96651681027,0.947022698084,1
800,63,0.93644251928,0.93644251928,1
800,54,0.952777336901,0.952777336901,1
800,60,0.992078187073,0.915772339576,1
800,67,0.966769263622,0.855932149935,1
800,69,0.89634131131,0.89634131131,1
800,61,0.780167334979,0.722592937534,1
800,74,0.939090491664,0.939090491664,1
800,63,0.964834982983,0.962935081381,1
800,79,0.996127096938,0.996127096938,1
150,48,0.995250660171,0.755489534038,1
150,41,0.986020111302,0.986020111302,1
150,48,0.983213692615,0.957469791609,1
150,69,0.852152903214,0.643937551418,1
150,52,0.968683333169,0.783794128603,1
150,48,0.923889128396,0.776832037162,1
150,58,0.900042633079,0.876989903203,1
150,58,0.924709422769,0.645440089111,1
150,92,0.854261121711,0.828798175467,1
150,83,0.926186605849,0.649453791067,1
150,56,0.996902534963,0.996902534963,1
150,59,0.982231614752,0.982231614752,1
150,37,0.946950664695,0.945783177943,1
150,43,0.904834224405,0.887689196858,1
150,89,0.838729081597,0.736799069499,1
150,59,0.986750897117,0.977119772315,1
150,54,0.995067146464,0.823935849549,1
150,66,0.995530508112,0.995530508112,1
150,74,0.9477417466,0.823261547489,1
150,55,0.95571545376,0.747866534491,1
150,48,0.959479513215,0.760346491648,1
150,49,0.944497477905,0.944497477905,1
150,60,0.949763713348,0.894816328811,1
150,54,0.992829213739,0.529019773659,1
150,72,0.903130258357,0.862239798289,1
150,84,0.992505979494,0.932209812411,1
150,65,0.988836872217,0.877011583826,1
150,49,0.981192918129,0.903395925978,1
150,68,0.920359661773,0.920359661773,1
150,51,0.961525365811,0.961525365811,1
150,47,0.921722009675,0.921722009675,1
150,78,0.996054005227,0.954241261586,1
150,48,0.943317610225,0.943317610225,1
150,72,0.930462861675,0.865558682662,1
150,74,0.842698041082,0.842698041082,1
150,53,0.989638113221,0.80431093268,1
150,53,0.967153379459,0.72157467644,1
150,43,0.860704474731,0.838542506296,1
150,57,0.918676751575,0.849647469034,1
150,70,0.955397653305,0.867970949094,1
150,67,0.816045487773,0.757571086958,1
150,45,0.904588466276,0.617452333038,1
150,61,0.946142499919,0.923294014514,1
150,60,0.981134928755,0.820415640918,1
150,77,0.976578329389,0.566398931204,1
150,78,0.9659539226,0.785927607283,1
150,67,0.87636772739,0.864433218907,1
150,51,0.989567275739,0.957507433457,1
150,55,0.978089041907,0.945966907305,1
150,52,0.883067946248,0.831687752825,1
1450,69,0.999838340938,0.919104705566,1
1450,81,0.983229652847,0.708619053247,1
1450,68,0.985287279074,0.916687306093,1
1450,58,0.97968724097,0.97968724097,1
1450,93,0.910724232731,0.781307818828,1
1450,126,0.588081598635,0.513191113472,1
1450,68,0.952682175511,0.879242804702,1
1450,88,0.985469132795,0.928476116232,1
1450,55,0.911743321907,0.840466621808,1
1450,61,0.98965872228,0.98965872228,1
1450,87,0.900958487488,0.854228994333,1
1450,66,0.983992336897,0.983992336897,1
1450,58,0.907133996667,0.907133996667,1
1450,68,0.994104921875,0.994104921875,1
1450,91,0.870087461429,0.870087461429,1
1450,85,0.646149253509,0.646149253509,1
1450,94,0.983734048591,0.892678722855,1
1450,78,0.976642021153,0.909019262928,1
1450,68,0.977552847033,0.936818184017,1
1450,57,0.933700446663,0.933700446663,1
1450,82,0.869119449446,0.869119449446,1
1450,94,0.945584370103,0.864815284123,1
1450,82,0.964639458044,0.923488923536,1
1450,69,0.971166167273,0.921607193387,1
1450,80,0.699002232538,0.699002232538,1
1450,74,0.973860119775,0.963967370726,1
1450,74,0.991551004887,0.911232036381,1
1450,76,0.947049589667,0.875902722876,1
1450,80,0.900862471467,0.875809625659,1
1450,67,0.94386750438,0.790685784782,1
1450,109,0.855220324561,0.855220324561,1
1450,82,0.949804517127,0.930159704594,1
1450,64,0.995869110163,0.867334933034,1
1450,79,0.929670349371,0.816039323242,1
1450,76,0.996488943786,0.840408992715,1
1450,62,0.886362251767,0.886362251767,1
1450,81,0.993989925419,0.884100016642,1
1450,62,0.896609655967,0.842921462439,1
1450,72,0.948652820492,0.922791765128,1
1450,92,0.989042840775,0.889805699269,1
1450,67,0.943126731525,0.923275076897,1
1450,111,0.86740441906,0.816051678278,1
1450,78,0.918420210859,0.863060226979,1
1450,66,0.909187575171,0.873109011999,1
1450,85,0.923179945399,0.923179945399,1
1450,55,0.996753629581,0.996753629581,1
1450,76,0.964297619912,0.964297619912,1
1450,64,0.942573541604,0.942573541604,1
1450,60,0.951892089965,0.940618463065,1
1450,61,0.945278406225,0.945278406225,1
450,58,0.995636576344,0.973517617271,1
450,72,0.97159796492,0.799517579057,1
450,61,0.961553310834,0.912658458898,1
450,62,0.981318656948,0.971563598963,1
450,51,0.947844710913,0.947844710913,1
450,82,0.885435033163,0.792791066762,1
450,93,0.843785502923,0.840164282626,1
450,58,0.877153673825,0.876377575373,1
450,54,0.995814909881,0.85784960005,1
450,73,0.907321539598,0.86222781052,1
450,86,0.996975769344,0.923698242786,1
450,88,0.969931713537,0.931731628223,1
450,62,0.985929963159,0.985929963159,1
450,76,0.89621379282,0.89621379282,1
450,50,0.98169505518,0.981088862016,1
450,74,0.917797692364,0.9034923126,1
450,59,0.966096893615,0.893416880216,1
450,73,0.962429640595,0.858770819754,1
450,60,0.985648551783,0.985118669527,1
450,56,0.927050856045,0.898674509814,1
450,81,0.964377084748,0.904035299501,1
450,89,0.993679137898,0.973847627818,1
450,59,0.990255352503,0.990255352503,1
450,56,0.999266734691,0.999266734691,1
450,58,0.990339247554,0.905514798949,1
450,67,0.935731292233,0.916242665773,1
450,70,0.964817536911,0.784480500531,1
450,74,0.888420450188,0.759751944402,1
450,73,0.926338737676,0.926338737676,1
450,66,0.867092703485,0.764329514945,1
450,111,0.994628931741,0.632613189028,1
450,46,0.96043480335,0.96043480335,1
450,82,0.97406604176,0.940619568794,1
450,59,0.970999438604,0.970999438604,1
450,59,0.968896673141,0.837657071391,1
450,47,0.990909702123,0.882446652778,1
450,77,0.99260423342,0.99260423342,1
450,81,0.993433857905,0.915778788568,1
450,61,0.913855810493,0.786935557702,1
450,62,0.998662761245,0.952595519099,1
450,84,0.980237564974,0.694263019889,1
450,66,0.992556216677,0.974654084728,1
450,52,0.98178984955,0.98178984955,1
450,44,0.961800366371,0.955938518532,1
450,131,0.898669036924,0.771462479011,1
450,50,0.954957994954,0.889118785452,1
450,62,0.992422186022,0.939241698766,1
450,62,0.919538187276,0.919538187276,1
450,95,0.913872743643,0.884804915609,1
450,71,0.883573265199,0.668455413392,1
1750,76,0.991282202549,0.991282202549,1
1750,68,0.996596669518,0.996596669518,1
1750,83,0.991973560688,0.893887722482,1
1750,83,0.991746106294,0.926328551495,1
1750,67,0.967788841169,0.908534608735,1
1750,77,0.997219974011,0.997219974011,1
1750,58,0.967810787287,0.967810787287,1
1750,58,0.973969037532,0.938617806103,1
1750,67,0.940251358689,0.940251358689,1
1750,61,0.942063129333,0.942063129333,1
1750,64,0.970384324783,0.970384324783,1
1750,68,0.999574236576,0.999574236576,1
1750,73,0.856738054231,0.856738054231,1
1750,57,0.984101987613,0.984101987613,1
1750,89,0.956516530204,0.831007692622,1
1750,86,0.977963741966,0.958495835248,1
1750,81,0.850594101729,0.844528826539,1
1750,54,0.956115984088,0.911072070669,1
1750,63,0.986659774851,0.932179812015,1
1750,83,0.997417197186,0.997417197186,1
1750,72,0.906188694824,0.894055779377,1
1750,90,0.879828765097,0.858958097804,1
1750,92,0.993150094527,0.965826843032,1
1750,93,0.847967990537,0.847967990537,1
1750,95,0.970709202069,0.970709202069,1
1750,58,0.909450584858,0.909450584858,1
1750,67,0.907737575107,0.907737575107,1
1750,63,0.978722926142,0.978722926142,1
1750,72,0.903359988963,0.903359988963,1
1750,78,0.920599552918,0.721398224275,1
1750,66,0.932283355343,0.932283355343,1
1750,75,0.998692931303,0.870096463208,1
1750,96,0.997062310023,0.997062310023,1
1750,80,0.990909710665,0.990909710665,1
1750,76,0.973815766051,0.823340408725,1
1750,55,0.968568917275,0.968568917275,1
1750,56,0.964048152933,0.859492671278,1
1750,72,0.839267407149,0.839267407149,1
1750,70,0.980356439869,0.967082568369,1
1750,75,0.94473405796,0.94473405796,1
1750,55,0.982006221217,0.982006221217,1
1750,62,0.994217274792,0.994217274792,1
1750,74,0.98080015347,0.886857230152,1
1750,78,0.980189777045,0.883901082615,1
1750,78,0.96472206563,0.959909621666,1
1750,88,0.801014772936,0.699477957121,1
1750,62,0.954071550763,0.908034523842,1
1750,107,0.945125159827,0.937298889864,1
1750,68,0.98306449846,0.98306449846,1
1750,99,0.929866490115,0.929866490115,1
550,67,0.860167353971,0.817135645943,1
550,76,0.911717352007,0.845819688058,1
550,67,0.960096821278,0.922100421289,1
550,65,0.997981519695,0.964516650236,1
550,58,0.961190968871,0.884996673147,1
550,64,0.992526610721,0.932826226548,1
550,54,0.998489882638,0.99692102246,1
550,60,0.972759276819,0.865613943278,1
550,60,0.869094870359,0.765924721167,1
550,65,0.940574262244,0.689093276654,1
550,67,0.997812340034,0.932917055263,1
550,93,0.99979832623,0.919580251231,1
550,90,0.998391104236,0.998391104236,1
550,94,0.860339044952,0.669453700948,1
550,72,0.964808651971,0.945175877379,1
550,60,0.981375556026,0.970828095753,1
550,86,0.960345479625,0.960345479625,1
550,62,0.999311142234,0.999311142234,1
550,59,0.957370921851,0.957370921851,1
550,102,0.988265176161,0.574149661553,1
550,47,0.974293039336,0.974293039336,1
550,125,0.930981046687,0.923935149603,1
550,77,0.997395150191,0.997395150191,1
550,64,0.898967826658,0.815804934314,1
550,73,0.934082201222,0.604903244922,1
550,76,0.91172688741,0.903053152688,1
550,49,0.998317467656,0.942071666353,1
550,64,0.990467903351,0.876760544117,1
550,56,0.926261334163,0.926261334163,1
550,69,0.964039270781,0.812684765543,1
550,69,0.961940519124,0.865069282785,1
550,51,0.985167662033,0.935241662101,1
550,52,0.931810092037,0.931810092037,1
550,72,0.98507271237,0.932856506096,1
550,49,0.996670206529,0.996670206529,1
550,65,0.915557168943,0.915557168943,1
550,68,0.967979599901,0.852697553884,1
550,64,0.909084508358,0.909084508358,1
550,70,0.986377609236,0.900999649917,1
550,49,0.996816850643,0.917364367147,1
550,61,0.941807251468,0.941807251468,1
550,67,0.926354344608,0.876736183409,1
550,51,0.971438573705,0.971438573705,1
550,78,0.95067029277,0.750345150226,1
550,42,0.940459071231,0.940459071231,1
550,61,0.898482276585,0.897671996303,1
550,73,0.987845231047,0.969693962585,1
550,68,0.990236839198,0.96294610561,1
550,52,0.942840487521,0.923580046292,1
550,83,0.970729445274,0.913612179265,1
600,90,0.964503477732,0.803374994611,1
600,59,0.952786389135,0.952786389135,1
600,72,0.924771476014,0.900840476191,1
600,57,0.95678607561,0.95678607561,1
600,67,0.982913955182,0.965311054442,1
600,54,0.986736221287,0.849457896332,1
600,62,0.883316493002,0.849615860129,1
600,56,0.993034224755,0.927461324278,1
600,46,0.96581813403,0.96581813403,1
600,59,0.989269562231,0.961943934927,1
600,73,0.996159916636,0.899768162047,1
600,67,0.955903016499,0.882521288697,1
600,46,0.974902404407,0.808887421391,1
600,61,0.975648702526,0.884303340604,1
600,44,0.925846183405,0.925846183405,1
600,60,0.968575073563,0.883880872729,1
600,103,0.966950714289,0.872721096306,1
600,61,0.907315725132,0.877728785523,1
600,74,0.891716516399,0.891716516399,1
600,69,0.760171425284,0.760171425284,1
600,61,0.996292119279,0.887870037125,1
600,57,0.88911927786,0.872922211698,1
600,53,0.98473359508,0.98473359508,1
600,50,0.972007768356,0.972007768356,1
600,73,0.934318603218,0.661708946236,1
600,86,0.979274751439,0.872662957439,1
600,62,0.992650804061,0.92716335478,1
600,62,0.977937693476,0.960307913785,1
600,67,0.933175538028,0.933175538028,1
600,62,0.974141470807,0.921610079038,1
600,80,0.890873478498,0.779913999603,1
600,66,0.995225118481,0.952962770737,1
600,88,0.993494559237,0.95406304196,1
600,99,0.848449992597,0.771052191761,1
600,63,0.958586539408,0.958586539408,1
600,57,0.879611207961,0.776624620089,1
600,68,0.952875406738,0.952875406738,1
600,65,0.972643336822,0.861901952503,1
600,73,0.950120807519,0.950120807519,1
600,83,0.980813638425,0.629893381418,1
600,55,0.929734393322,0.929734393322,1
600,68,0.950169596371,0.950169596371,1
600,54,0.993662828661,0.913271536996,1
600,56,0.953426141186,0.85825803297,1
600,58,0.99612545244,0.909927676836,1
600,73,0.995643508814,0.995643508814,1
600,85,0.897593071411,0.839915335772,1
600,60,0.922412699514,0.922412699514,1
600,60,0.912893600388,0.827131810206,1
600,52,0.925617230376,0.925617230376,1
1650,66,0.997320260642,0.997320260642,1
1650,55,0.995113499561,0.995113499561,1
1650,62,0.99853939191,0.99853939191,1
1650,67,0.915089040198,0.915089040198,1
1650,67,0.918315943838,0.897691766381,1
1650,73,0.961591308843,0.961591308843,1
1650,72,0.99569595668,0.99569595668,1
1650,87,0.984362590049,0.826783040051,1
1650,66,0.929454007369,0.86863323241,1
1650,63,0.959206119368,0.864817192,1
1650,52,0.960634711403,0.960634711403,1
1650,56,0.904977147393,0.904977147393,1
1650,65,0.981235102513,0.884879710275,1
1650,71,0.970722289377,0.925543604023,1
1650,55,0.94578955036,0.94578955036,1
1650,93,0.901981210596,0.796183281909,1
1650,67,0.820827847606,0.820827847606,1
1650,67,0.985260233488,0.985260233488,1
1650,73,0.96124926612,0.879780832497,1
1650,76,0.914947082783,0.893516345209,1
1650,73,0.98707935503,0.915352305075,1
1650,58,0.986677982553,0.986677982553,1
1650,69,0.945849890383,0.945849890383,1
1650,75,0.998323321457,0.998323321457,1
1650,72,0.948133142347,0.948133142347,1
1650,79,0.938498009287,0.769109762705,1
1650,82,0.995213748955,0.92623419215,1
1650,66,0.932079438263,0.932079438263,1
1650,71,0.9741402635,0.9741402635,1
1650,70,0.891201947013,0.846754122169,1
1650,75,0.930010225797,0.930010225797,1
1650,71,0.957206216946,0.957206216946,1
1650,89,0.777309507682,0.702384197854,1
1650,50,0.99447282592,0.92876906998,1
1650,75,0.993928302356,0.967296785754,1
1650,73,0.91985782283,0.91985782283,1
1650,84,0.946033146482,0.801986809393,1
1650,79,0.956527937837,0.929343189789,1
1650,71,0.924553780828,0.924553780828,1
1650,64,0.945533686323,0.943298207154,1
1650,66,0.946986267248,0.946986267248,1
1650,67,0.981729420426,0.981729420426,1
1650,77,0.930175918215,0.930175918215,1
1650,128,0.95498415449,0.851259744886,1
1650,69,0.999216335742,0.999216335742,1
1650,81,0.89991093258,0.89991093258,1
1650,63,0.975836798792,0.874470864872,1
1650,85,0.893368108379,0.878775300152,1
1650,81,0.955082609447,0.923668570686,1
1650,63,0.933752528409,0.859817278376,1
750,55,0.945846779001,0.908379702813,1
750,74,0.946727879574,0.946727879574,1
750,74,0.985218310822,0.87888183086,1
750,55,0.917063467446,0.88503070798,1
750,58,0.988390434447,0.896871309134,1
750,79,0.961805865311,0.93511587736,1
750,71,0.841165489859,0.72409192847,1
750,55,0.996022881175,0.972949922352,1
750,109,0.98769038421,0.98769038421,1
750,56,0.991964976937,0.991964976937,1
750,56,0.935903670318,0.908128130299,1
750,82,0.930114277578,0.786679201086,1
750,69,0.967528595652,0.909092882706,1
750,78,0.991447920032,0.86776736374,1
750,57,0.903474240087,0.903474240087,1
750,61,0.918313348977,0.848025986794,1
750,70,0.985239701204,0.699234245802,1
750,77,0.864452284463,0.864452284463,1
750,83,0.991889163613,0.975030938397,1
750,78,0.944071626752,0.944071626752,1
750,84,0.913630237515,0.785387417363,1
750,61,0.98538312215,0.98538312215,1
750,74,0.954920626899,0.954920626899,1
750,69,0.994366211296,0.99222606689,1
750,48,0.946986885199,0.923185282059,1
750,73,0.84898922518,0.759911473491,1
750,66,0.929011025072,0.929011025072,1
750,67,0.970857450467,0.970857450467,1
750,63,0.945082703895,0.945082703895,1
750,68,0.968701970472,0.968701970472,1
750,47,0.974273553532,0.971160331038,1
750,75,0.973096618345,0.851270254547,1
750,68,0.996105546406,0.820272170344,1
750,53,0.928472407271,0.928472407271,1
750,55,0.909396500989,0.909396500989,1
750,62,0.946882056382,0.82455803044,1
750,66,0.952060232069,0.903198534093,1
750,84,0.95413946619,0.800078270946,1
750,80,0.940994404436,0.824765301334,1
750,78,0.974774119929,0.760746653203,1
750,90,0.999340776209,0.785360088242,1
750,64,0.948888478496,0.948888478496,1
750,74,0.952930821086,0.92222519805,1
750,68,0.985462460607,0.985462460607,1
750,68,0.985115941319,0.985115941319,1
750,57,0.97014709323,0.905322011411,1
750,66,0.978316278812,0.978316278812,1
750,69,0.982543131373,0.982543131373,1
750,58,0.87498410012,0.87498410012,1
750,80,0.899001146908,0.899001146908,1
500,60,0.992766444519,0.992766444519,1
500,68,0.990432967177,0.980781825035,1
500,87,0.960264204281,0.892537211217,1
500,82,0.883373192301,0.883373192301,1
500,62,0.994673705295,0.994673705295,1
500,52,0.965018527543,0.873423017824,1
500,60,0.835850294707,0.835850294707,1
500,60,0.944834386823,0.902654280548,1
500,83,0.972535708638,0.96909338566,1
500,55,0.968101286889,0.886004428421,1
500,67,0.969816711183,0.846908710981,1
500,81,0.970862104012,0.969551322684,1
500,72,0.864620809323,0.705646454983,1
500,113,0.999748445058,0.666865393397,1
500,55,0.990124130088,0.990124130088,1
500,70,0.931371243475,0.931371243475,1
500,55,0.873609744803,0.825445719505,1
500,64,0.956670691353,0.872571418756,1
500,59,0.89413240256,0.89413240256,1
500,77,0.841239048787,0.841239048787,1
500,58,0.801293700145,0.801293700145,1
500,53,0.992754744595,0.992754744595,1
500,70,0.929780694031,0.580628060989,1
500,72,0.986959123102,0.986959123102,1
500,56,0.930194156143,0.930194156143,1
500,73,0.997941530458,0.869146254031,1
500,114,0.989373518326,0.856777174802,1
500,49,0.994438035738,0.994438035738,1
500,72,0.989411990997,0.812211546737,1
500,74,0.981204190837,0.805292012264,1
500,55,0.827816609474,0.739795002212,1
500,50,0.928904551718,0.813164846156,1
500,94,0.968161365919,0.912475125063,1
500,70,0.930073916761,0.77034954463,1
500,55,0.880004757504,0.880004757504,1
500,69,0.97268332288,0.865463460312,1
500,108,0.953944058097,0.907261864918,1
500,82,0.936377905731,0.793569703475,1
500,68,0.882304082632,0.882304082632,1
500,60,0.938051430141,0.822689474878,1
500,104,0.848501020766,0.818365649788,1
500,69,0.923545833917,0.779301358181,1
500,57,0.98556806133,0.98556806133,1
500,65,0.964756781744,0.864991823682,1
500,64,0.970424446582,0.966073241873,1
500,66,0.914377554029,0.779588235292,1
500,67,0.933149027556,0.890959031605,1
500,67,0.999057803867,0.953985960021,1
500,65,0.886225402762,0.789722886145,1
500,57,0.938046854415,0.938046854415,1
1550,73,0.881881442881,0.881881442881,1
1550,59,0.969233273539,0.931175578244,1
1550,61,0.956639752278,0.804953214525,1
1550,111,0.870029372852,0.83940195757,1
1550,78,0.995800314698,0.834810653268,1
1550,59,0.967560678679,0.884622330707,1
1550,73,0.932668718795,0.932668718795,1
1550,82,0.869315736504,0.869315736504,1
1550,69,0.982297384395,0.92673882135,1
1550,84,0.96764772367,0.875269290056,1
1550,91,0.961263223367,0.756644339698,1
1550,77,0.956693280745,0.92494769792,1
1550,59,0.986503350885,0.986503350885,1
1550,77,0.957256978674,0.957256978674,1
1550,83,0.987884213614,0.960177954549,1
1550,57,0.962298246481,0.962298246481,1
1550,106,0.985424401077,0.909710978954,1
1550,71,0.948456634282,0.948456634282,1
1550,77,0.989172878781,0.989172878781,1
1550,78,0.998650639473,0.998650639473,1
1550,69,0.93856992262,0.917607364289,1
1550,55,0.962739068551,0.958835749647,1
1550,67,0.956808446268,0.956808446268,1
1550,70,0.985037384153,0.939006822415,1
1550,76,0.970112214202,0.845803495336,1
1550,57,0.986109370372,0.986109370372,1
1550,74,0.994985940279,0.994985940279,1
1550,60,0.96556915237,0.96556915237,1
1550,79,0.984700253021,0.984700253021,1
1550,86,0.987438196565,0.9390145797,1
1550,67,0.939623610346,0.939623610346,1
1550,67,0.998206704773,0.998206704773,1
1550,64,0.92277081399,0.864348671905,1
1550,73,0.863392297377,0.863392297377,1
1550,67,0.964125165407,0.964125165407,1
1550,56,0.940293300167,0.940293300167,1
1550,67,0.98420021079,0.98420021079,1
1550,71,0.987686068984,0.951996845005,1
1550,68,0.987157579598,0.987157579598,1
1550,71,0.923896381134,0.92226072678,1
1550,96,0.960136235398,0.932756855501,1
1550,91,0.946625383099,0.946625383099,1
1550,84,0.949053184506,0.8377264368,1
1550,95,0.876589747609,0.785462687993,1
1550,78,0.87551702168,0.798823647239,1
1550,65,0.970979100673,0.970979100673,1
1550,79,0.947941899443,0.924670852619,1
1550,64,0.94125471425,0.94125471425,1
1550,74,0.996147497938,0.761631597556,1
1550,65,0.979570775444,0.979570775444,1
