600,73,0.912742512507,0.632725874688,1
600,64,0.990317216504,0.940738836277,1
600,58,0.890531709261,0.76748717989,1
600,59,0.997639616054,0.959968880545,1
600,77,0.945001130888,0.912561154641,1
600,70,0.862414521524,0.760201850057,1
600,66,0.944734407999,0.665770600318,1
600,75,0.990988735524,0.88041658228,1
600,47,0.995980198137,0.995980198137,1
600,93,0.948796153167,0.910855035615,1
600,97,0.881206373033,0.71314542132,1
600,68,0.902246427599,0.902246427599,1
600,97,0.866254873478,0.781038947162,1
600,79,0.905460585231,0.883477420596,1
600,78,0.925400847178,0.821036489426,1
600,69,0.996658059204,0.89634909437,1
600,60,0.907627048154,0.907627048154,1
600,67,0.989769667433,0.916789383376,1
600,58,0.930095860939,0.930095860939,1
600,80,0.968100177756,0.877269046617,1
600,64,0.963698135916,0.899306519246,1
600,60,0.933718686758,0.933718686758,1
600,59,0.948213477501,0.948213477501,1
600,96,0.996679014603,0.931160375789,1
600,66,0.962994577116,0.899051774685,1
600,56,0.950036737883,0.950036737883,1
600,78,0.978452933461,0.978452933461,1
600,65,0.928358272321,0.928358272321,1
600,70,0.99083737599,0.804534369198,1
600,97,0.996195262895,0.969210892331,1
600,78,0.990824928364,0.801841794318,1
600,74,0.936568030572,0.936568030572,1
600,92,0.996898340322,0.996898340322,1
600,59,0.965461301941,0.965461301941,1
600,79,0.975299890314,0.975299890314,1
600,65,0.914062781259,0.914062781259,1
600,67,0.944714084062,0.842319738812,1
600,87,0.985123635529,0.752633435467,1
600,59,0.776561598934,0.776561598934,1
600,97,0.946971450927,0.865370213127,1
600,80,0.990404311626,0.822036285499,1
600,77,0.971145189628,0.971145189628,1
600,75,0.781941347152,0.781941347152,1
600,63,0.953858404941,0.868870714077,1
600,54,0.973869447867,0.967620743526,1
600,73,0.990116241759,0.990116241759,1
600,95,0.980210720976,0.980210720976,1
600,62,0.95638424863,0.95638424863,1
600,97,0.985136118179,0.845231872825,1
600,79,0.905102497603,0.643869577447,1
150,44,0.991117669573,0.991117669573,1
150,59,0.97301995717,0.966036495661,1
150,52,0.992264123082,0.886032580347,1
150,87,0.99901230916,0.905204113555,1
150,52,0.964171071147,0.952314835889,1
150,57,0.923307317343,0.918259261741,1
150,83,0.957742306743,0.602306725017,1
150,52,0.871855916949,0.871855916949,1
150,60,0.922454667063,0.716494889428,1
150,89,0.98476808734,0.833924225619,1
150,43,0.934962703961,0.862227150699,1
150,66,0.961385624211,0.877336817375,1
150,59,0.985686220167,0.918674431385,1
150,72,0.922761955126,0.904846011826,1
150,56,0.941323475145,0.795385702712,1
150,61,0.998083018409,0.730129796973,1
150,45,0.984416895257,0.819735075666,1
150,48,0.99298921989,0.935759744927,1
150,49,0.998578838621,0.97076615955,1
150,67,0.982012304252,0.982012304252,1
150,48,0.989702384802,0.789321029162,1
150,70,0.999729991883,0.999729991883,1
150,91,0.998771309219,0.838149868623,1
150,42,0.962274028276,0.951484156973,1
150,62,0.980810470292,0.783984342476,1
150,63,0.988933703431,0.791534068313,1
150,52,0.975810019366,0.805418203484,1
150,60,0.997686876033,0.786911004169,1
150,64,0.986750367607,0.873359898371,1
150,64,0.991726260977,0.991726260977,1
150,77,0.920252814428,0.634300367061,1
150,59,0.971373797053,0.824840793833,1
150,63,0.930858284179,0.617035065143,1
150,70,0.9911360835,0.924076993609,1
150,56,0.995686998157,0.607992468605,1
150,54,0.990904159221,0.990904159221,1
150,46,0.976446626456,0.931266534674,1
150,62,0.969593208402,0.745881150535,1
150,66,0.992780007872,0.855182474715,1
150,46,0.905553755876,0.905553755876,1
150,74,0.984529160895,0.650812806607,1
150,62,0.998865223035,0.864086789606,1
150,45,0.931119824223,0.792795411093,1
150,42,0.945005085703,0.803244318152,1
150,67,0.971759408489,0.953741006728,1
150,61,0.97577067434,0.670514820922,1
150,72,0.994130889633,0.559946879627,1
150,49,0.921359243031,0.642837237303,1
150,43,0.939433344264,0.915273672888,1
150,65,0.89156865072,0.574464468841,1
2000,101,0.851729050652,0.828438887478,1
2000,64,0.996789788355,0.94949523344,1
2000,90,0.970162593638,0.970162593638,1
2000,75,0.857301706253,0.800201380043,1
2000,73,0.975945590287,0.975945590287,1
2000,81,0.976683320838,0.976683320838,1
2000,85,0.950589488764,0.947960237894,1
2000,73,0.926754894426,0.859470353232,1
2000,82,0.953146136667,0.853464634452,1
2000,75,0.92400240471,0.92400240471,1
2000,73,0.987783393392,0.896983711213,1
2000,71,0.9726698229,0.9726698229,1
2000,78,0.999823806512,0.999823806512,1
2000,79,0.951434995781,0.951434995781,1
2000,61,0.952495866824,0.952495866824,1
2000,70,0.931159365019,0.928994662008,1
2000,72,0.988007281636,0.988007281636,1
2000,79,0.999077526992,0.999077526992,1
2000,63,0.964434392678,0.964434392678,1
2000,76,0.981162108146,0.936317498455,1
2000,91,0.998433855571,0.998433855571,1
2000,63,0.968703755591,0.94278761963,1
2000,93,0.950447563237,0.90839697166,1
2000,63,0.94869458786,0.94869458786,1
2000,70,0.958950972233,0.958950972233,1
2000,65,0.945670635762,0.945670635762,1
2000,69,0.838658554697,0.782461128387,1
2000,63,0.962554630364,0.958045062372,1
2000,82,0.9750738395,0.871644543602,1
2000,101,0.975396587551,0.889702157749,1
2000,63,0.986902413113,0.986902413113,1
2000,59,0.992231621565,0.992231621565,1
2000,87,0.99082476409,0.837743870881,1
2000,80,0.897464785533,0.879063728571,1
2000,74,0.966963745503,0.924137340018,1
2000,57,0.988507829623,0.988507829623,1
2000,73,0.993126457532,0.993126457532,1
2000,74,0.989726856933,0.861656209113,1
2000,87,0.961614140684,0.961614140684,1
2000,71,0.896334261816,0.896334261816,1
2000,75,0.951518790433,0.914239017284,1
2000,82,0.934290795891,0.83331360351,1
2000,72,0.772000790711,0.762926713644,1
2000,72,0.954691534557,0.953965374154,1
2000,61,0.994475688245,0.994475688245,1
2000,58,0.955236842965,0.955236842965,1
2000,76,0.951175213079,0.803857447426,1
2000,75,0.943804486783,0.913020410571,1
2000,85,0.777278715322,0.764212835867,1
2000,67,0.956642683546,0.923870401825,1
250,73,0.934855544,0.92075698604,1
250,60,0.985778961954,0.985778961954,1
250,61,0.896293357708,0.868711891036,1
250,75,0.916574891916,0.75861446526,1
250,56,0.993950603981,0.815749981211,1
250,60,0.985619614585,0.886275538341,1
250,58,0.922755184116,0.813604013552,1
250,114,0.927111419249,0.927111419249,1
250,52,0.950593127167,0.950593127167,1
250,72,0.955334875748,0.733117752356,1
250,58,0.976734799405,0.792096546388,1
250,49,0.993887277505,0.993887277505,1
250,73,0.965075972924,0.769339403906,1
250,51,0.996429149441,0.996429149441,1
250,59,0.9927806499,0.84366529395,1
250,48,0.995607807636,0.995607807636,1
250,110,0.848657652253,0.772789490117,1
250,68,0.820592217594,0.693224627621,1
250,61,0.953705918185,0.953705918185,1
250,54,0.937022634756,0.842255761667,1
250,77,0.98665599099,0.667012039539,1
250,67,0.882531217131,0.771626160154,1
250,43,0.983763212155,0.921817914213,1
250,47,0.961519240994,0.899612074959,1
250,80,0.894450398684,0.884957529558,1
250,57,0.988681695743,0.98695968467,1
250,61,0.933071541581,0.762038465806,1
250,69,0.973811080741,0.858245325364,1
250,65,0.904498485612,0.768040692928,1
250,67,0.923755905515,0.923755905515,1
250,70,0.950325439526,0.691524466009,1
250,80,0.93766813818,0.93766813818,1
250,61,0.96004810672,0.847647195238,1
250,61,0.883615911946,0.86354830418,1
250,65,0.897854443689,0.778444834741,1
250,55,0.876983253435,0.699558113721,1
250,52,0.994025085316,0.900731005823,1
250,62,0.98775228222,0.910007135961,1
250,97,0.89103729681,0.847931360554,1
250,56,0.996817331251,0.910541274211,1
250,61,0.999702524817,0.970627933829,1
250,49,0.837968923483,0.837968923483,1
250,69,0.992058735186,0.753693323381,1
250,55,0.973262860594,0.884746212316,1
250,55,0.946304200862,0.858174375799,1
250,62,0.903164557432,0.845229826127,1
250,78,0.924001629922,0.800371813864,1
250,51,0.993468797536,0.993468797536,1
250,62,0.965727401916,0.783966761729,1
250,102,0.869556018491,0.4419047531,1
1800,64,0.981249790041,0.981249790041,1
1800,103,0.851721073237,0.851721073237,1
1800,64,0.957980978921,0.957980978921,1
1800,75,0.950708350685,0.930866229085,1
1800,75,0.984224090457,0.96402086442,1
1800,74,0.989531530574,0.989531530574,1
1800,71,0.988554007126,0.835002310521,1
1800,75,0.993638442128,0.949582198546,1
1800,69,0.942376868406,0.942376868406,1
1800,67,0.966380001337,0.966380001337,1
1800,80,0.98249813879,0.921424135962,1
1800,86,0.994044553444,0.994044553444,1
1800,67,0.981580372334,0.981580372334,1
1800,76,0.963959946707,0.953024594367,1
1800,92,0.931064378886,0.862332533373,1
1800,74,0.919602439628,0.897090153331,1
1800,62,0.971962048402,0.971962048402,1
1800,82,0.983906902303,0.93049354324,1
1800,92,0.993609332584,0.948168396019,1
1800,100,0.973175063277,0.973175063277,1
1800,78,0.978582023958,0.9223664835,1
1800,75,0.968386817624,0.968386817624,1
1800,68,0.983180251397,0.935040774478,1
1800,72,0.948714336707,0.948714336707,1
1800,69,0.999136315794,0.999136315794,1
1800,92,0.885670994764,0.795352324348,1
1800,61,0.931823181267,0.931823181267,1
1800,99,0.804499259443,0.721290121008,1
1800,68,0.982485356483,0.982485356483,1
1800,71,0.994528454679,0.980690521935,1
1800,75,0.966297173016,0.899331404366,1
1800,72,0.956723734195,0.956723734195,1
1800,60,0.998110383649,0.969865740798,1
1800,80,0.867486678952,0.863309076207,1
1800,65,0.969670617491,0.969670617491,1
1800,58,0.897888185342,0.897888185342,1
1800,64,0.912349800197,0.910427727968,1
1800,69,0.996322597556,0.950361420813,1
1800,69,0.966956636386,0.966956636386,1
1800,130,0.936724873517,0.936724873517,1
1800,58,0.894413493871,0.85460659755,1
1800,85,0.990454494581,0.845284418071,1
1800,81,0.918937432977,0.803629626148,1
1800,71,0.811853890775,0.811853890775,1
1800,84,0.914637898608,0.842311404724,1
1800,74,0.996150966201,0.996150966201,1
1800,52,0.998377987906,0.998377987906,1
1800,76,0.885643735586,0.885643735586,1
1800,70,0.942840029442,0.937539959654,1
1800,107,0.938335842619,0.918859827673,1
1400,71,0.949186561961,0.782076566397,1
1400,55,0.99574558795,0.99574558795,1
1400,63,0.948990836705,0.948990836705,1
1400,80,0.889673975819,0.826853235159,1
1400,78,0.97270803991,0.954007531444,1
1400,73,0.97831298003,0.80336222852,1
1400,55,0.975445629629,0.975445629629,1
1400,75,0.9807955382,0.855511142026,1
1400,108,0.769944711597,0.739135214812,1
1400,91,0.938682181445,0.833018201471,1
1400,75,0.98759633965,0.98759633965,1
1400,77,0.972180660778,0.914714892267,1
1400,63,0.915874465024,0.896809622957,1
1400,99,0.825275266333,0.582602368563,1
1400,99,0.869111227359,0.869111227359,1
1400,88,0.977774855136,0.825834757027,1
1400,67,0.97991836013,0.97991836013,1
1400,90,0.958578315486,0.958578315486,1
1400,84,0.9958169382,0.9958169382,1
1400,68,0.965086959263,0.965086959263,1
1400,90,0.917278208098,0.888230878937,1
1400,72,0.89531418059,0.89531418059,1
1400,112,0.969556158942,0.819908612457,1
1400,71,0.918436065092,0.918436065092,1
1400,58,0.999849169093,0.98859376388,1
1400,80,0.973708022657,0.973708022657,1
1400,65,0.997086435784,0.95554993676,1
1400,70,0.956432606602,0.885314765417,1
1400,77,0.91406721039,0.795452926667,1
1400,81,0.959543727651,0.959543727651,1
1400,51,0.991647197608,0.991647197608,1
1400,92,0.955885188925,0.917604056778,1
1400,73,0.993949350825,0.993949350825,1
1400,62,0.936436625529,0.936436625529,1
1400,64,0.99170915016,0.99170915016,1
1400,60,0.988838191085,0.944755008527,1
1400,72,0.959227859147,0.959227859147,1
1400,59,0.974038546768,0.974038546768,1
1400,79,0.980407035964,0.975072183183,1
1400,83,0.920690450146,0.901995979946,1
1400,59,0.992019917408,0.992019917408,1
1400,73,0.903910888871,0.838281123446,1
1400,77,0.985972843696,0.96110242162,1
1400,62,0.914281453352,0.914281453352,1
1400,58,0.944704040504,0.944704040504,1
1400,65,0.974809745125,0.886321069344,1
1400,93,0.866324418754,0.823373396418,1
1400,68,0.973569634069,0.973569634069,1
1400,95,0.987630289236,0.884808941751,1
1400,76,0.981830051066,0.970771036737,1
1600,73,0.945709417221,0.887439509355,1
1600,85,0.907808756461,0.849490264065,1
1600,79,0.755014579321,0.695849995972,1
1600,76,0.960548379042,0.960548379042,1
1600,93,0.992840662661,0.992840662661,1
1600,81,0.966855949578,0.957761031869,1
1600,75,0.978545856316,0.885740799445,1
1600,66,0.900897903138,0.900897903138,1
1600,83,0.996220322714,0.996220322714,1
1600,101,0.977121396011,0.953872662805,1
1600,111,0.881611699138,0.881611699138,1
1600,73,0.985563608183,0.844588453356,1
1600,66,0.958987617701,0.958987617701,1
1600,70,0.948360243455,0.894070693284,1
1600,90,0.932753020928,0.892091063811,1
1600,97,0.967985768834,0.967985768834,1
1600,78,0.980592203611,0.980592203611,1
1600,81,0.969296479843,0.883934599093,1
1600,72,0.971571800033,0.92051706445,1
1600,87,0.983779293098,0.921515921599,1
1600,86,0.965190256829,0.869283194635,1
1600,67,0.965951099024,0.901517596022,1
1600,77,0.911116888409,0.841621889752,1
1600,66,0.997101681452,0.976308897524,1
1600,64,0.956364372468,0.893964846155,1
1600,72,0.927240664766,0.927240664766,1
1600,68,0.995632136767,0.833369681377,1
1600,75,0.977680075173,0.833460697833,1
1600,73,0.95732911398,0.900397214157,1
1600,81,0.965912375491,0.850194914002,1
1600,74,0.853070976539,0.829070815804,1
1600,94,0.961611154682,0.812164066208,1
1600,78,0.997039439234,0.981561863988,1
1600,69,0.925283418712,0.925283418712,1
1600,85,0.995460280166,0.995460280166,1
1600,78,0.982273528363,0.939786857164,1
1600,117,0.909218852988,0.909218852988,1
1600,79,0.984066077793,0.984066077793,1
1600,72,0.942359613521,0.942359613521,1
1600,86,0.825002362949,0.766280219326,1
1600,99,0.975981598616,0.962166968918,1
1600,75,0.984780739663,0.984780739663,1
1600,81,0.990895900904,0.990895900904,1
1600,73,0.896144403829,0.804518327965,1
1600,110,0.942059788228,0.870968639606,1
1600,59,0.996969443206,0.984444910574,1
1600,73,0.985970057278,0.985970057278,1
1600,65,0.904644792591,0.904644792591,1
1600,87,0.940745849436,0.752843303799,1
1600,120,0.896007534191,0.859585827313,1
200,71,0.924369392421,0.915373932825,1
200,50,0.970763693703,0.970763693703,1
200,73,0.991658657746,0.991658657746,1
200,51,0.979116963511,0.974266810383,1
200,63,0.962502320261,0.681283875962,1
200,76,0.950578661005,0.949915038331,1
200,74,0.99831789644,0.99831789644,1
200,56,0.925585236978,0.866157610532,1
200,40,0.990246740297,0.990246740297,1
200,46,0.956745030233,0.956745030233,1
200,83,0.957477777727,0.796273697076,1
200,60,0.909708132056,0.892389249013,1
200,73,0.870101198187,0.811544704899,1
200,64,0.896288813812,0.767416722346,1
200,81,0.918289381855,0.891422525903,1
200,86,0.991998292417,0.748007019547,1
200,70,0.959584476466,0.959584476466,1
200,67,0.987531263326,0.867871581156,1
200,56,0.978058651299,0.925403247057,1
200,52,0.945187434173,0.934678766185,1
200,67,0.979803427016,0.979803427016,1
200,38,0.946757959201,0.925843514372,1
200,45,0.983343305946,0.916867626431,1
200,52,0.971450889766,0.929774165419,1
200,80,0.998143491161,0.974537051938,1
200,47,0.957487365464,0.952304931925,1
200,67,0.967976350187,0.90054463743,1
200,52,0.957916978892,0.801509542943,1
200,85,0.996510474562,0.621479610046,1
200,46,0.97469943408,0.97469943408,1
200,52,0.964525926507,0.964525926507,1
200,79,0.989097753063,0.87796136855,1
200,42,0.937565934546,0.870841009683,1
200,65,0.975174237399,0.885411675851,1
200,55,0.940391290886,0.88982251843,1
200,56,0.955241321203,0.92607903163,1
200,67,0.95894399804,0.95894399804,1
200,77,0.87808535509,0.766305537369,1
200,58,0.918576138734,0.918576138734,1
200,54,0.9877184022,0.820706723238,1
200,94,0.799610459341,0.770529931043,1
200,73,0.90744032304,0.90744032304,1
200,52,0.950248057015,0.950248057015,1
200,62,0.93519299021,0.93519299021,1
200,64,0.934962287374,0.883386858134,1
200,41,0.97660135442,0.841042748183,1
200,55,0.988553921578,0.988553921578,1
200,60,0.885072800293,0.751347413558,1
200,56,0.918945643739,0.845453128391,1
200,63,0.934671483407,0.660038589972,1
1000,71,0.861880409929,0.791656411045,1
1000,67,0.925900614723,0.805271515127,1
1000,81,0.982685004175,0.982685004175,1
1000,54,0.926653498415,0.926653498415,1
1000,65,0.995769691435,0.995769691435,1
1000,108,0.88676134554,0.85835783824,1
1000,54,0.965026918222,0.965026918222,1
1000,71,0.950062001673,0.884952992376,1
1000,64,0.996632572619,0.996632572619,1
1000,77,0.994223569208,0.994223569208,1
1000,86,0.975709224464,0.885238679906,1
1000,83,0.926477637582,0.727741748145,1
1000,68,0.977584060243,0.977584060243,1
1000,118,0.963755309183,0.607477076137,1
1000,64,0.960593583756,0.953593714769,1
1000,64,0.964021798112,0.944192945071,1
1000,115,0.990782253657,0.990782253657,1
1000,84,0.999347517501,0.873325680071,1
1000,77,0.911006734947,0.822533975223,1
1000,91,0.830433223257,0.620733745078,1
1000,75,0.975455435719,0.975455435719,1
1000,65,0.849377723523,0.816743423038,1
1000,69,0.990104560726,0.990104560726,1
1000,82,0.946919102264,0.884994361051,1
1000,67,0.974765588759,0.974765588759,1
1000,61,0.891043014378,0.85031670458,1
1000,92,0.997806314742,0.861538461372,1
1000,71,0.948201092913,0.948201092913,1
1000,52,0.900869551782,0.900869551782,1
1000,53,0.994738112172,0.955890011272,1
1000,70,0.944618226516,0.850354464712,1
1000,71,0.994120354856,0.985371211118,1
1000,66,0.92568322096,0.869769881891,1
1000,92,0.949163068871,0.949163068871,1
1000,59,0.948474241861,0.948474241861,1
1000,56,0.997752729551,0.908839472882,1
1000,76,0.964709682409,0.964709682409,1
1000,79,0.980710505582,0.980710505582,1
1000,62,0.980717156287,0.803215946682,1
1000,83,0.969229338004,0.818499226309,1
1000,59,0.995846353472,0.995846353472,1
1000,68,0.938973006631,0.938973006631,1
1000,63,0.986436187014,0.937780645172,1
1000,63,0.989405989401,0.896172347134,1
1000,84,0.955270298105,0.886746132773,1
1000,50,0.993584573493,0.993584573493,1
1000,63,0.998676368823,0.986987703822,1
1000,54,0.989470138541,0.989470138541,1
1000,59,0.980183021283,0.980183021283,1
1000,88,0.903094247485,0.852652904192,1
1100,61,0.977444051633,0.966750263682,1
1100,82,0.916972895326,0.889133760802,1
1100,87,0.979995809203,0.979995809203,1
1100,71,0.971618284995,0.911555133293,1
1100,90,0.97552802997,0.828774855676,1
1100,61,0.893130472145,0.849537255323,1
1100,62,0.866571407559,0.866571407559,1
1100,57,0.963326883491,0.812052469618,1
1100,77,0.904329869068,0.904329869068,1
1100,76,0.884501435105,0.873684234309,1
1100,71,0.966859504,0.966859504,1
1100,73,0.959853540896,0.959853540896,1
1100,79,0.995277996797,0.985962911194,1
1100,72,0.894656853575,0.894656853575,1
1100,64,0.78361938005,0.78361938005,1
1100,58,0.980107250758,0.932090174596,1
1100,63,0.974061660473,0.974061660473,1
1100,61,0.997636943807,0.893654473039,1
1100,70,0.992273524394,0.992273524394,1
1100,104,0.955992068878,0.818356411473,1
1100,60,0.926117346989,0.926117346989,1
1100,62,0.95712545911,0.953089046992,1
1100,76,0.993326864363,0.926948267481,1
1100,83,0.972176836631,0.925220487944,1
1100,71,0.964277170403,0.964277170403,1
1100,58,0.970410427194,0.95037290475,1
1100,82,0.88448189009,0.816559894653,1
1100,64,0.991530499103,0.950298677491,1
1100,77,0.977478362129,0.977478362129,1
1100,62,0.974350601345,0.909771026289,1
1100,77,0.976761627408,0.812365409703,1
1100,62,0.961422331514,0.961422331514,1
1100,70,0.908080485657,0.908080485657,1
1100,78,0.958829384656,0.790548388161,1
1100,99,0.902603133831,0.841025456663,1
1100,90,0.994067300841,0.782241104034,1
1100,59,0.972792541135,0.972792541135,1
1100,74,0.941464610846,0.941464610846,1
1100,79,0.991207398831,0.978716169611,1
1100,75,0.996543687676,0.855771998911,1
1100,76,0.991142362127,0.926071013537,1
1100,76,0.897344319595,0.897344319595,1
1100,58,0.967362725331,0.967362725331,1
1100,66,0.844150823631,0.801737580491,1
1100,85,0.999867017422,0.914017292802,1
1100,57,0.975512490901,0.97177886427,1
1100,85,0.983882334743,0.952568205837,1
1100,140,0.9847211738,0.734763263775,1
1100,75,0.998200854906,0.998200854906,1
1100,71,0.978861320577,0.891395518087,1
1250,92,0.943645334905,0.833104487225,1
1250,79,0.896840801006,0.820881806011,1
1250,109,0.905357406425,0.905357406425,1
1250,59,0.969704265917,0.831200791921,1
1250,71,0.960632911071,0.85398436667,1
1250,79,0.974241422427,0.79482676015,1
1250,57,0.939479301276,0.899308936265,1
1250,76,0.988657133326,0.988657133326,1
1250,66,0.938332860837,0.938332860837,1
1250,77,0.96177118746,0.96177118746,1
1250,67,0.995624408429,0.995624408429,1
1250,92,0.99583499522,0.890527055564,1
1250,75,0.898438886265,0.898438886265,1
1250,71,0.8763223159,0.872823368317,1
1250,78,0.942723789114,0.926403805854,1
1250,73,0.988260531998,0.988260531998,1
1250,66,0.994314169785,0.994314169785,1
1250,74,0.999484367117,0.999484367117,1
1250,90,0.944118754463,0.834832810558,1
1250,58,0.971230222657,0.971230222657,1
1250,56,0.894607286309,0.894607286309,1
1250,115,0.763198574545,0.705789116311,1
1250,56,0.979594011574,0.979594011574,1
1250,87,0.879067077437,0.879067077437,1
1250,73,0.978884059026,0.978884059026,1
1250,58,0.987003097613,0.987003097613,1
1250,89,0.964421253772,0.914743150656,1
1250,68,0.957663880982,0.799497905406,1
1250,69,0.999648580971,0.960880009693,1
1250,89,0.91259399837,0.863915827604,1
1250,83,0.898966680518,0.898966680518,1
1250,61,0.929383940726,0.929383940726,1
1250,64,0.956366675828,0.956366675828,1
1250,81,0.999316564581,0.712900837338,1
1250,63,0.901432538126,0.901432538126,1
1250,79,0.978130803308,0.978130803308,1
1250,65,0.991406824942,0.991406824942,1
1250,85,0.837296931923,0.832870398621,1
1250,69,0.99467271459,0.99467271459,1
1250,77,0.994202607226,0.994202607226,1
1250,67,0.927365527142,0.927365527142,1
1250,73,0.962433487837,0.91640834665,1
1250,93,0.991450284496,0.991450284496,1
1250,95,0.973283452218,0.973283452218,1
1250,109,0.918799824704,0.918799824704,1
1250,74,0.979894082087,0.979894082087,1
1250,63,0.970929177275,0.911360233586,1
1250,81,0.990359788046,0.846296524946,1
1250,108,0.98894222376,0.80499699881,1
1250,74,0.952351842943,0.951827231339,1
1650,71,0.914402922612,0.914402922612,1
1650,83,0.933025956934,0.881669815112,1
1650,79,0.929109060219,0.741914732025,1
1650,79,0.829261092074,0.731551926873,1
1650,69,0.849579180582,0.814351320657,1
1650,94,0.800042030823,0.800042030823,1
1650,86,0.921716331898,0.820963857375,1
1650,60,0.982217838982,0.982217838982,1
1650,83,0.948678723308,0.868817410123,1
1650,86,0.961820708904,0.897813514718,1
1650,77,0.95956482058,0.95956482058,1
1650,68,0.962653725173,0.84026168261,1
1650,110,0.905904854091,0.84590478247,1
1650,63,0.977620064733,0.977620064733,1
1650,70,0.993522457155,0.993522457155,1
1650,72,0.948601327588,0.948601327588,1
1650,76,0.894613832426,0.870978821974,1
1650,78,0.829388255624,0.70590838016,1
1650,58,0.987583419792,0.987583419792,1
1650,69,0.957849266802,0.957849266802,1
1650,80,0.91250123041,0.895667844766,1
1650,84,0.986462396643,0.821768741144,1
1650,78,0.936660936276,0.782333149238,1
1650,69,0.987806727195,0.953118709506,1
1650,86,0.896169280355,0.887795242546,1
1650,79,0.99496926396,0.960210148698,1
1650,58,0.996347501978,0.996347501978,1
1650,83,0.888872810731,0.809799040462,1
1650,77,0.982440031629,0.982440031629,1
1650,62,0.953649060091,0.953649060091,1
1650,71,0.981018777293,0.981018777293,1
1650,59,0.99668389639,0.951418843956,1
1650,72,0.972929908784,0.89921043225,1
1650,72,0.949373176982,0.949373176982,1
1650,87,0.953802480555,0.815463581069,1
1650,77,0.89413288395,0.874843425724,1
1650,90,0.975285373031,0.975285373031,1
1650,68,0.948104280092,0.948104280092,1
1650,79,0.973594143402,0.900903299284,1
1650,97,0.77456255679,0.746945102428,1
1650,65,0.945533149493,0.945533149493,1
1650,95,0.972667920052,0.906571914773,1
1650,81,0.967032748953,0.967032748953,1
1650,65,0.998171853094,0.993992414454,1
1650,86,0.807394890641,0.807394890641,1
1650,79,0.988276138793,0.988276138793,1
1650,83,0.994860583965,0.994860583965,1
1650,79,0.93168658889,0.93168658889,1
1650,75,0.939606340935,0.939606340935,1
1650,72,0.992634129431,0.986012864662,1
300,51,0.951038718436,0.951038718436,1
300,73,0.858957684241,0.797015870626,1
300,66,0.973516682035,0.973516682035,1
300,46,0.984978155064,0.984978155064,1
300,76,0.93585449053,0.933012177223,1
300,77,0.9399949847,0.88994115178,1
300,73,0.952777407713,0.632977936414,1
300,66,0.743735453583,0.687147160814,1
300,61,0.999659587719,0.999659587719,1
300,60,0.999167614041,0.999167614041,1
300,68,0.952502236019,0.952502236019,1
300,64,0.994391336764,0.994391336764,1
300,66,0.977781943142,0.970038988957,1
300,61,0.990670140781,0.949965270407,1
300,72,0.965568142807,0.891010510612,1
300,71,0.984386792714,0.8333103949,1
300,68,0.986272487891,0.833748364184,1
300,125,0.848608536941,0.685107428686,1
300,75,0.977635300323,0.830920957779,1
300,79,0.972611328673,0.972611328673,1
300,74,0.931711168233,0.931711168233,1
300,58,0.940581456221,0.903189644494,1
300,60,0.912982064856,0.887954772977,1
300,47,0.943344645301,0.937614015927,1
300,61,0.95655718789,0.799015164547,1
300,62,0.975774186348,0.847845007615,1
300,61,0.971963347729,0.876145280382,1
300,72,0.969462575276,0.911711174933,1
300,83,0.877081345589,0.660866437078,1
300,51,0.984923606931,0.984923606931,1
300,104,0.980766088433,0.980766088433,1
300,71,0.849274139861,0.849274139861,1
300,77,0.983912387217,0.983912387217,1
300,59,0.973878540361,0.964347963154,1
300,61,0.919186298117,0.919186298117,1
300,56,0.978049340735,0.978049340735,1
300,57,0.934360489262,0.847806660694,1
300,70,0.993109313457,0.850454938469,1
300,93,0.912564983636,0.912564983636,1
300,60,0.959057580157,0.86924923271,1
300,97,0.981386062632,0.856804298417,1
300,63,0.978637837358,0.978637837358,1
300,61,0.929790787094,0.811916675512,1
300,62,0.902735939082,0.878981657616,1
300,75,0.977955518477,0.794790224408,1
300,81,0.896846365636,0.834004282104,1
300,55,0.928629557674,0.928629557674,1
300,64,0.970732637625,0.970732637625,1
300,60,0.972508919226,0.972508919226,1
300,58,0.988231106341,0.988231106341,1
1300,69,0.875627684646,0.808511776261,1
1300,76,0.95426967449,0.95426967449,1
1300,81,0.931388850673,0.92808835295,1
1300,94,0.823669734345,0.741703521721,1
1300,73,0.974683598162,0.950659714453,1
1300,87,0.995272612498,0.885569036208,1
1300,71,0.953043243463,0.944515293251,1
1300,74,0.995205824706,0.995205824706,1
1300,61,0.948405682918,0.948405682918,1
1300,59,0.997613184052,0.997613184052,1
1300,74,0.987886482019,0.987886482019,1
1300,76,0.94364370717,0.905309622773,1
1300,66,0.927591690953,0.927591690953,1
1300,70,0.980877641858,0.980877641858,1
1300,77,0.933967447018,0.885897903571,1
1300,73,0.934024218981,0.857148884312,1
1300,69,0.980455865532,0.942899111506,1
1300,68,0.967159076695,0.967159076695,1
1300,55,0.956938406444,0.925058436659,1
1300,68,0.973519414988,0.955274161394,1
1300,94,0.97371392268,0.97371392268,1
1300,55,0.978545203883,0.978545203883,1
1300,64,0.999119803517,0.999119803517,1
1300,69,0.987792287229,0.96397756347,1
1300,66,0.963305111505,0.913120579611,1
1300,82,0.962596591033,0.788706712952,1
1300,102,0.915943019724,0.915943019724,1
1300,99,0.905205036221,0.903106818301,1
1300,55,0.99005378097,0.99005378097,1
1300,71,0.975381009727,0.831507443491,1
1300,71,0.899079010487,0.849364926704,1
1300,69,0.930795063345,0.904020770526,1
1300,97,0.878217462934,0.703621636036,1
1300,75,0.992137243696,0.910447976483,1
1300,74,0.943180721215,0.943180721215,1
1300,72,0.990857721692,0.990857721692,1
1300,76,0.984310966543,0.958714896222,1
1300,71,0.979157932152,0.979157932152,1
1300,66,0.999545231945,0.999545231945,1
1300,55,0.978996562675,0.978996562675,1
1300,58,0.986292851193,0.986292851193,1
1300,93,0.852260971978,0.815569589694,1
1300,71,0.982668026684,0.982668026684,1
1300,94,0.880789024072,0.876383189608,1
1300,55,0.95678372006,0.949517424936,1
1300,64,0.978951361745,0.9090380718,1
1300,70,0.960865775916,0.960865775916,1
1300,70,0.940759188468,0.940759188468,1
1300,72,0.954905026298,0.954905026298,1
1300,61,0.947458885912,0.928151882513,1
1900,70,0.963537807823,0.963537807823,1
1900,75,0.992013353809,0.992013353809,1
1900,66,0.940730377339,0.940730377339,1
1900,72,0.972918436694,0.909341114041,1
1900,68,0.907609056317,0.907609056317,1
1900,64,0.934350418244,0.934350418244,1
1900,64,0.998223011076,0.905936735252,1
1900,65,0.987744501493,0.985812602147,1
1900,59,0.996688141005,0.996688141005,1
1900,68,0.869949755532,0.840383745673,1
1900,89,0.999185954532,0.882853806384,1
1900,85,0.961443969223,0.881542756781,1
1900,59,0.976575610857,0.976575610857,1
1900,90,0.940259097498,0.852750495026,1
1900,72,0.969294179712,0.952419952611,1
1900,94,0.998151364111,0.853467891837,1
1900,63,0.963756488968,0.963756488968,1
1900,66,0.981575339249,0.981575339249,1
1900,80,0.995102234081,0.995102234081,1
1900,98,0.98482493007,0.90263827124,1
1900,70,0.973934190314,0.973934190314,1
1900,90,0.943629365061,0.943629365061,1
1900,68,0.90778659294,0.90778659294,1
1900,89,0.983671920675,0.962106193935,1
1900,62,0.98459610143,0.92169987484,1
1900,66,0.953306877884,0.950768652483,1
1900,73,0.833311805472,0.833311805472,1
1900,65,0.961146384699,0.927564270263,1
1900,83,0.961150004731,0.823972084057,1
1900,76,0.927216380453,0.91447516576,1
1900,89,0.731622226926,0.707415045124,1
1900,76,0.948610709522,0.93116879084,1
1900,87,0.86762964274,0.829543962679,1
1900,85,0.992849391442,0.992849391442,1
1900,76,0.908974957277,0.908974957277,1
1900,92,0.822586133545,0.822586133545,1
1900,108,0.892184321089,0.678923760254,1
1900,78,0.976527902019,0.976527902019,1
1900,75,0.942016749062,0.942016749062,1
1900,100,0.99433890576,0.857122913022,1
1900,106,0.960635948636,0.960635948636,1
1900,67,0.959896983638,0.959896983638,1
1900,82,0.905385912871,0.905385912871,1
1900,79,0.949844345585,0.746797820376,1
1900,86,0.985001474056,0.746510206877,1
1900,75,0.992283494773,0.992283494773,1
1900,64,0.903996491871,0.903996491871,1
1900,70,0.894503134307,0.894503134307,1
1900,77,0.991871037196,0.991871037196,1
1900,77,0.962275739824,0.962275739824,1
550,68,0.921659843617,0.914660826156,1
550,86,0.926729510899,0.906431053096,1
550,79,0.911451175137,0.812253487857,1
550,72,0.992682263391,0.992682263391,1
550,82,0.947279258737,0.737586563293,1
550,66,0.932179255026,0.695514210101,1
550,76,0.940921446636,0.940921446636,1
550,65,0.980811616375,0.980811616375,1
550,85,0.948486349816,0.723759961447,1
550,50,0.856216827287,0.826178163583,1
550,62,0.937750408207,0.937750408207,1
550,82,0.994976340659,0.994976340659,1
550,56,0.993069655458,0.993069655458,1
550,66,0.986895346568,0.986895346568,1
550,57,0.98550975989,0.949297964494,1
550,56,0.988771009802,0.928871281598,1
550,52,0.910270414572,0.910270414572,1
550,72,0.901021654901,0.66230259513,1
550,55,0.967781425872,0.967781425872,1
550,62,0.831708057568,0.831708057568,1
550,69,0.958478104141,0.797171546966,1
550,71,0.956986846966,0.907560133292,1
550,88,0.858127677709,0.742059362039,1
550,84,0.962827212016,0.962827212016,1
550,74,0.977466747972,0.977466747972,1
550,54,0.913362244637,0.873049424904,1
550,89,0.996132783748,0.861229803831,1
550,44,0.989250351997,0.989250351997,1
550,67,0.943933823032,0.926403384744,1
550,63,0.978094460848,0.978094460848,1
550,98,0.955534508331,0.746687443075,1
550,79,0.979058147748,0.979058147748,1
550,60,0.998605227082,0.995246259785,1
550,63,0.858778051614,0.785262605158,1
550,54,0.927106594523,0.903420699669,1
550,61,0.930867996626,0.930867996626,1
550,106,0.960810825252,0.740604771907,1
550,90,0.971212150921,0.971212150921,1
550,62,0.946292026333,0.907878319146,1
550,67,0.979041173466,0.979041173466,1
550,56,0.988855764669,0.822196139034,1
550,61,0.941623236663,0.822502297884,1
550,81,0.93804175944,0.935672928215,1
550,65,0.945000728284,0.924337504322,1
550,77,0.937801966654,0.937801966654,1
550,84,0.953127440446,0.953127440446,1
550,55,0.993946181709,0.993946181709,1
550,105,0.962544298093,0.799516749453,1
550,65,0.923215391676,0.829822380198,1
550,72,0.909337676734,0.831044229168,1
1500,52,0.966928591927,0.966928591927,1
1500,66,0.998934416099,0.998934416099,1
1500,71,0.919062564524,0.919062564524,1
1500,78,0.966883142254,0.905653495539,1
1500,80,0.972583825168,0.80212707082,1
1500,81,0.781427358283,0.781427358283,1
1500,92,0.977806850515,0.859883560422,1
1500,76,0.971315054169,0.971315054169,1
1500,70,0.996679025963,0.873782729909,1
1500,70,0.988898482046,0.943994537178,1
1500,84,0.975609151557,0.918837464909,1
1500,73,0.955877879509,0.800583936573,1
1500,60,0.984712917622,0.931946176873,1
1500,84,0.881817722743,0.780566896336,1
1500,71,0.928696165497,0.928696165497,1
1500,65,0.883160646058,0.791486036049,1
1500,119,0.989168850173,0.937753194054,1
1500,63,0.949159966463,0.949159966463,1
1500,67,0.969135993936,0.911141860947,1
1500,64,0.940844937791,0.940785909918,1
1500,67,0.966157326191,0.966157326191,1
1500,67,0.964889017898,0.964889017898,1
1500,62,0.993030387641,0.857083524505,1
1500,84,0.898843391035,0.792576435574,1
1500,67,0.942045821065,0.876616146253,1
1500,65,0.985949841363,0.985949841363,1
1500,73,0.970494705332,0.970494705332,1
1500,79,0.914346599752,0.914346599752,1
1500,79,0.977697654537,0.812671579086,1
1500,103,0.918607501123,0.817007911752,1
1500,88,0.959661870032,0.959661870032,1
1500,86,0.955808928933,0.946743159361,1
1500,64,0.939124749212,0.939124749212,1
1500,78,0.89586336282,0.89586336282,1
1500,71,0.996947932344,0.918534151271,1
1500,85,0.954446033967,0.954446033967,1
1500,66,0.96583361093,0.96583361093,1
1500,98,0.96042646004,0.874004742197,1
1500,76,0.951640754036,0.951640754036,1
1500,86,0.998781924721,0.998781924721,1
1500,80,0.990232343562,0.952798418543,1
1500,81,0.985503726847,0.914039261387,1
1500,79,0.89189371667,0.864544987392,1
1500,69,0.853207541123,0.853207541123,1
1500,59,0.957120644396,0.957120644396,1
1500,80,0.944857713243,0.758827458919,1
1500,96,0.943860820453,0.94136476266,1
1500,78,0.882979365231,0.882979365231,1
1500,128,0.970762514831,0.78774801466,1
1500,85,0.889915999626,0.798492140417,1
1700,105,0.916436584686,0.867553459873,1
1700,57,0.994985156657,0.994985156657,1
1700,86,0.988469593382,0.853237026198,1
1700,63,0.996905709972,0.996905709972,1
1700,86,0.909309875416,0.852941724398,1
1700,51,0.983926835754,0.983926835754,1
1700,77,0.934033835517,0.908825676501,1
1700,61,0.914513724893,0.914513724893,1
1700,69,0.987735114087,0.987735114087,1
1700,87,0.95779004165,0.86139496006,1
1700,72,0.936828106597,0.936828106597,1
1700,74,0.974697865965,0.922365477713,1
1700,68,0.937730240973,0.937730240973,1
1700,57,0.962960251418,0.962960251418,1
1700,83,0.960137003316,0.898570456574,1
1700,60,0.934915336392,0.934915336392,1
1700,64,0.957778275022,0.922945895907,1
1700,79,0.999444353657,0.932669891395,1
1700,83,0.83972087015,0.768627124415,1
1700,104,0.995964351196,0.995964351196,1
1700,75,0.980897546846,0.980897546846,1
1700,83,0.942977805951,0.815154402012,1
1700,86,0.959286643619,0.945780895055,1
1700,128,0.885801779851,0.771385064016,1
1700,92,0.973156313977,0.821405722312,1
1700,93,0.973732421026,0.881412956371,1
1700,79,0.975043579252,0.889562532752,1
1700,67,0.985174634522,0.985174634522,1
1700,85,0.781874482055,0.697835639449,1
1700,75,0.995195669177,0.995195669177,1
1700,87,0.995820995352,0.78875165398,1
1700,58,0.97059223536,0.97059223536,1
1700,74,0.978288982976,0.861522080551,1
1700,58,0.993714391517,0.993714391517,1
1700,68,0.997115677,0.997115677,1
1700,74,0.902797164575,0.889393936266,1
1700,69,0.949233800886,0.949233800886,1
1700,99,0.868607584682,0.868607584682,1
1700,56,0.942990110976,0.928929853509,1
1700,63,0.998240498836,0.998240498836,1
1700,51,0.986952584157,0.977323578954,1
1700,82,0.977222362216,0.977222362216,1
1700,77,0.800025156472,0.759811116366,1
1700,82,0.925322380518,0.925322380518,1
1700,74,0.978900022247,0.900504361056,1
1700,85,0.939274084071,0.799930381977,1
1700,63,0.944674149263,0.896391967061,1
1700,76,0.969761730174,0.869667578766,1
1700,88,0.936161487735,0.84983352611,1
1700,70,0.989017801716,0.989017801716,1
350,51,0.955739295476,0.955739295476,1
350,70,0.988449750424,0.988449750424,1
350,72,0.940570463038,0.788106989372,1
350,84,0.994052424849,0.994052424849,1
350,73,0.987953316066,0.987953316066,1
350,79,0.950558183717,0.937765944523,1
350,48,0.947218505126,0.947218505126,1
350,73,0.909831743902,0.704676136605,1
350,46,0.995721964481,0.988089748685,1
350,85,0.89574004666,0.737785068277,1
350,68,0.95897370974,0.851365715777,1
350,35,0.982984807518,0.982984807518,1
350,45,0.998603707674,0.998603707674,1
350,56,0.958416258287,0.916403672593,1
350,85,0.983331414185,0.72003720046,1
350,68,0.814543086017,0.814543086017,1
350,64,0.947529693617,0.866245191064,1
350,76,0.998252342928,0.96205730464,1
350,56,0.886432737802,0.886432737802,1
350,70,0.985065617532,0.964229658511,1
350,43,0.934660672231,0.934660672231,1
350,70,0.942628267455,0.880967176815,1
350,87,0.937517992142,0.847461913656,1
350,78,0.963231410054,0.943432539166,1
350,57,0.930015722352,0.930015722352,1
350,55,0.951103392746,0.951103392746,1
350,48,0.974011280768,0.907165088264,1
350,67,0.940198343109,0.940198343109,1
350,58,0.962515567821,0.962515567821,1
350,54,0.984547012298,0.953465644874,1
350,55,0.984733011156,0.966092666188,1
350,49,0.960598619585,0.726354314432,1
350,93,0.995376497731,0.995376497731,1
350,66,0.946249138416,0.946249138416,1
350,82,0.998709938805,0.8129927363,1
350,71,0.970366937859,0.893496842068,1
350,59,0.904607752835,0.865306189116,1
350,48,0.994746731023,0.870903860574,1
350,42,0.939095622199,0.841927493302,1
350,63,0.995858497027,0.995858497027,1
350,66,0.943899279934,0.888986379039,1
350,56,0.854972559117,0.85272092353,1
350,78,0.997959735801,0.917409952413,1
350,76,0.998327211934,0.882111937162,1
350,92,0.951211467623,0.894471234962,1
350,67,0.964037491451,0.936662975531,1
350,69,0.960711580843,0.894662467981,1
350,86,0.931516591279,0.931516591279,1
350,82,0.986623074019,0.986623074019,1
350,59,0.900011103592,0.853996102151,1
750,65,0.989658030853,0.963417199686,1
750,72,0.978865213149,0.978865213149,1
750,64,0.962812648347,0.904201309397,1
750,56,0.963128594903,0.869394901209,1
750,54,0.927590024925,0.927590024925,1
750,76,0.976890719105,0.829769746554,1
750,58,0.999456644676,0.999456644676,1
750,84,0.954557779277,0.804953456896,1
750,71,0.971473124467,0.870227283677,1
750,85,0.952898476733,0.92630910186,1
750,70,0.828852621423,0.828852621423,1
750,57,0.98295932828,0.98295932828,1
750,51,0.969694682534,0.969694682534,1
750,60,0.951804666295,0.951804666295,1
750,88,0.922166395318,0.735014920631,1
750,72,0.965228055234,0.958774952551,1
750,79,0.947169956962,0.826087876897,1
750,69,0.920871248251,0.920871248251,1
750,80,0.993753029834,0.82398055823,1
750,48,0.995160485053,0.995160485053,1
750,85,0.987692469948,0.987692469948,1
750,68,0.814874155468,0.814874155468,1
750,121,0.889326520238,0.889326520238,1
750,55,0.952587387783,0.952587387783,1
750,69,0.885170757676,0.847010720008,1
750,77,0.981426052209,0.699483601171,1
750,74,0.865660474063,0.811667102094,1
750,55,0.982160324178,0.982160324178,1
750,59,0.941554902085,0.933091588805,1
750,63,0.985238883148,0.958297878273,1
750,71,0.984377604769,0.984377604769,1
750,80,0.884277153837,0.884277153837,1
750,90,0.963233553427,0.918820882488,1
750,64,0.967406380822,0.967406380822,1
750,71,0.948103837807,0.861236066494,1
750,74,0.973766059475,0.973766059475,1
750,57,0.920870297971,0.794835042356,1
750,91,0.978316475848,0.892157071092,1
750,51,0.986290060087,0.958738258919,1
750,55,0.879425411479,0.879425411479,1
750,78,0.966567629305,0.955404278876,1
750,55,0.926804326328,0.926804326328,1
750,88,0.878553752907,0.778885660639,1
750,61,0.960322267293,0.960322267293,1
750,78,0.961665085863,0.961665085863,1
750,74,0.974439057315,0.846298248564,1
750,98,0.729382566788,0.61548525714,1
750,50,0.907882901865,0.862374203618,1
750,67,0.995143185304,0.995143185304,1
750,56,0.973998723285,0.973998723285,1
1750,92,0.99193527384,0.881645029994,1
1750,83,0.885344840927,0.885344840927,1
1750,80,0.990310818334,0.843797268954,1
1750,81,0.950016141451,0.805509010391,1
1750,74,0.899793798508,0.862915548915,1
1750,82,0.906821195234,0.906821195234,1
1750,89,0.969851614945,0.912295603991,1
1750,71,0.972672172924,0.972672172924,1
1750,60,0.99903806019,0.99903806019,1
1750,69,0.944500327516,0.944500327516,1
1750,94,0.986285261055,0.900640574377,1
1750,88,0.819407784615,0.719517879594,1
1750,67,0.98723181188,0.93327071813,1
1750,67,0.974349149173,0.974349149173,1
1750,104,0.917607670703,0.837025185382,1
1750,84,0.895687603922,0.786630422556,1
1750,81,0.91855492988,0.91855492988,1
1750,66,0.998746779081,0.985646293045,1
1750,98,0.790068756327,0.790068756327,1
1750,86,0.996750972146,0.8508964219,1
1750,63,0.998565484339,0.987027918926,1
1750,74,0.94453668301,0.905102984402,1
1750,70,0.886154136,0.886154136,1
1750,105,0.948193297728,0.879004746375,1
1750,67,0.999516008901,0.999516008901,1
1750,75,0.896161502174,0.896161502174,1
1750,76,0.977007308068,0.963754772093,1
1750,72,0.950767094723,0.950767094723,1
1750,98,0.92386445469,0.796521429112,1
1750,98,0.987596917136,0.987596917136,1
1750,77,0.998020851263,0.998020851263,1
1750,92,0.98926346186,0.98926346186,1
1750,70,0.943541904633,0.943541904633,1
1750,88,0.935053491245,0.932829298903,1
1750,82,0.963796218543,0.963796218543,1
1750,80,0.909388715034,0.844619476982,1
1750,68,0.951514913202,0.911487900727,1
1750,68,0.998957347431,0.998957347431,1
1750,71,0.988171084564,0.988171084564,1
1750,65,0.991190957467,0.943891095435,1
1750,83,0.993733114354,0.804062403465,1
1750,75,0.964460510031,0.898056297725,1
1750,68,0.997338234705,0.922760424985,1
1750,98,0.99507198325,0.824973717544,1
1750,59,0.964040281524,0.918324177291,1
1750,75,0.953649626282,0.953649626282,1
1750,68,0.881615152173,0.856982576932,1
1750,71,0.962254512381,0.962254512381,1
1750,80,0.88514550781,0.853658869953,1
1750,72,0.907794949764,0.907794949764,1
450,78,0.970940969728,0.759158954021,1
450,64,0.890098913971,0.890098913971,1
450,59,0.969203570603,0.759066780311,1
450,51,0.973275710323,0.973275710323,1
450,67,0.931120407289,0.918801877128,1
450,60,0.963661702923,0.963661702923,1
450,91,0.974471265198,0.934259723758,1
450,66,0.983417609825,0.943434481211,1
450,58,0.963250055738,0.86549048151,1
450,75,0.952095293335,0.827871942941,1
450,74,0.982500785383,0.905661670903,1
450,64,0.981179010771,0.968456278025,1
450,60,0.820822433898,0.722551437793,1
450,92,0.986015924011,0.754680513955,1
450,81,0.925638341747,0.710215684544,1
450,62,0.992012532681,0.992012532681,1
450,62,0.952707887534,0.77041345451,1
450,54,0.994586649598,0.960449616021,1
450,71,0.983235047809,0.914612802366,1
450,49,0.956180995894,0.923235495006,1
450,56,0.939885096707,0.939885096707,1
450,76,0.981041007525,0.930458196869,1
450,79,0.995959321731,0.995959321731,1
450,66,0.831585526608,0.706707005525,1
450,45,0.956470092761,0.956470092761,1
450,59,0.896176333755,0.896176333755,1
450,64,0.982728378204,0.893141554028,1
450,66,0.938178130712,0.938178130712,1
450,77,0.979724543513,0.973496720456,1
450,97,0.982686281009,0.936804741186,1
450,74,0.933045475384,0.800051549444,1
450,56,0.91157605251,0.91157605251,1
450,81,0.956314021039,0.724471054834,1
450,59,0.905869957419,0.905869957419,1
450,66,0.99443531966,0.93711509743,1
450,68,0.954287422041,0.85285475836,1
450,52,0.990571273864,0.990571273864,1
450,89,0.945156248738,0.812471202797,1
450,58,0.996311878581,0.996311878581,1
450,78,0.947227680957,0.939755602981,1
450,106,0.914624240054,0.776181570285,1
450,57,0.977682202737,0.947490443953,1
450,99,0.92384762017,0.757844356317,1
450,73,0.985473773647,0.985473773647,1
450,79,0.991644103424,0.991644103424,1
450,68,0.979307900961,0.841834069849,1
450,81,0.952139459526,0.765105155754,1
450,68,0.918536215126,0.791141278541,1
450,64,0.995689397715,0.914537625079,1
450,81,0.986405297446,0.951150859516,1
700,87,0.964536557259,0.964536557259,1
700,60,0.978358860704,0.913843095829,1
700,69,0.99557611651,0.868378104463,1
700,89,0.9683471438,0.968318686265,1
700,84,0.971911192982,0.971911192982,1
700,73,0.791297591157,0.791297591157,1
700,83,0.819584672546,0.778444030727,1
700,57,0.907488358925,0.864459246521,1
700,84,0.982194642602,0.982194642602,1
700,97,0.959747910428,0.807157986759,1
700,80,0.961947514229,0.761400691039,1
700,68,0.932731344578,0.883578662434,1
700,91,0.955490901048,0.902594312082,1
700,73,0.935147979729,0.913274194172,1
700,83,0.995403025759,0.855229889402,1
700,89,0.960645260735,0.960645260735,1
700,60,0.938741949889,0.938741949889,1
700,62,0.99428737762,0.99428737762,1
700,62,0.997409336384,0.997409336384,1
700,68,0.931651283472,0.921930565187,1
700,66,0.992975210431,0.992975210431,1
700,79,0.952041808608,0.939076336384,1
700,73,0.906924654655,0.86960358707,1
700,52,0.982538886868,0.865623050829,1
700,61,0.997895043494,0.96779628983,1
700,78,0.931568450738,0.931568450738,1
700,52,0.984422618225,0.984422618225,1
700,58,0.964866910835,0.964866910835,1
700,63,0.979346933341,0.979346933341,1
700,73,0.954751135199,0.954751135199,1
700,65,0.979611064619,0.979611064619,1
700,95,0.865954466295,0.829956334386,1
700,78,0.977696928656,0.977696928656,1
700,59,0.913560704077,0.892342511542,1
700,52,0.873537211442,0.873537211442,1
700,55,0.913963358463,0.87734889505,1
700,58,0.939560604707,0.939560604707,1
700,77,0.990694841706,0.990694841706,1
700,59,0.977746788236,0.937923946462,1
700,97,0.978124483046,0.910707102045,1
700,62,0.983712837875,0.955737054856,1
700,61,0.980028625132,0.871421285745,1
700,63,0.984472120869,0.9146866545,1
700,61,0.994495252553,0.992130368626,1
700,82,0.892902713837,0.892902713837,1
700,92,0.934374408908,0.718933690174,1
700,58,0.950059091015,0.913384231737,1
700,78,0.974834048044,0.809518282589,1
700,65,0.959746850518,0.883905971417,1
700,63,0.942490502061,0.854291520988,1
1450,66,0.918385525074,0.874198576959,1
1450,63,0.924585142159,0.868116819919,1
1450,88,0.958121129429,0.958121129429,1
1450,69,0.935878796951,0.935878796951,1
1450,67,0.985781283237,0.978541751154,1
1450,56,0.965120116858,0.965120116858,1
1450,81,0.961219799376,0.961219799376,1
1450,77,0.998860122563,0.998860122563,1
1450,93,0.921844847554,0.780593116981,1
1450,68,0.995126966937,0.995126966937,1
1450,80,0.944792981511,0.741644853083,1
1450,81,0.986176947674,0.966960066409,1
1450,112,0.872984303798,0.872984303798,1
1450,83,0.938661319828,0.898108692744,1
1450,91,0.923627963532,0.923627963532,1
1450,91,0.990781607438,0.963602990984,1
1450,53,0.989774946922,0.969218562184,1
1450,60,0.991635675636,0.991635675636,1
1450,70,0.940747403628,0.899464852946,1
1450,105,0.952949015448,0.884891309088,1
1450,73,0.891833832015,0.798057523822,1
1450,74,0.937776751839,0.937776751839,1
1450,63,0.988373393113,0.988373393113,1
1450,70,0.971075281356,0.942105005781,1
1450,91,0.996918496833,0.996918496833,1
1450,82,0.993482401662,0.993482401662,1
1450,67,0.975009481747,0.975009481747,1
1450,96,0.948526199522,0.890054495588,1
1450,75,0.937122494229,0.937122494229,1
1450,73,0.978716476507,0.978716476507,1
1450,67,0.955835626952,0.866918980173,1
1450,69,0.987254217334,0.937562716085,1
1450,78,0.909264549506,0.880192547556,1
1450,96,0.884512883579,0.847129851505,1
1450,88,0.962676128865,0.886516076321,1
1450,81,0.961182355633,0.961182355633,1
1450,80,0.956825615982,0.956825615982,1
1450,81,0.961118785127,0.893061763605,1
1450,68,0.985360891752,0.985360891752,1
1450,60,0.98726989516,0.98726989516,1
1450,90,0.978772412088,0.968857058372,1
1450,62,0.985068609682,0.932894200943,1
1450,91,0.964710547935,0.958077121923,1
1450,58,0.983944540826,0.983944540826,1
1450,70,0.970041712336,0.970041712336,1
1450,71,0.942178235698,0.942178235698,1
1450,72,0.995463722995,0.995463722995,1
1450,64,0.905749597346,0.905749597346,1
1450,73,0.912600727957,0.880514317393,1
1450,73,0.99252988053,0.99252988053,1
50,82,0.972345514151,0.972345514151,1
50,34,0.909118093202,0.8699123167,1
50,39,0.969119149269,0.904834855517,1
50,59,0.908814146663,0.806780977681,1
50,53,0.937704414469,0.937704414469,1
50,45,0.926595610513,0.926595610513,1
50,60,0.993320706492,0.95183772418,1
50,45,0.999724668573,0.999724668573,1
50,46,0.984007099863,0.779146299494,1
50,40,0.944824104412,0.944824104412,1
50,53,0.984133796182,0.823718342851,1
50,36,0.963866054448,0.866462856097,1
50,56,0.993742013235,0.409661512362,1
50,39,0.955638345745,0.79276468266,1
50,57,0.977182765523,0.57842915881,1
50,47,0.971873902148,0.666425013358,1
50,46,0.989748420404,0.773585318149,1
50,35,0.958385184089,0.863738244067,1
50,60,0.980360995195,0.940567279219,1
50,43,0.961349478226,0.604876061294,1
50,39,0.974161786206,0.77123713976,1
50,40,0.809691784761,0.775818222299,1
50,51,0.935480368674,0.706927557833,1
50,58,0.942676004521,0.68754909719,1
50,67,0.982529705945,0.619174785969,1
50,80,0.863778065012,0.475872541121,1
50,59,0.878847863872,0.71700599106,1
50,40,0.896460033329,0.786536177687,1
50,34,0.999402489317,0.872453241867,1
50,67,0.995412992554,0.574186987135,1
50,32,0.997965815396,0.802546062954,1
50,37,0.975532093361,0.84228499541,1
50,34,0.93209431818,0.912309599166,1
50,64,0.924026193442,0.87396965062,1
50,43,0.99402300467,0.725714196731,1
50,43,0.991196735938,0.964290474871,1
50,55,0.957840596156,0.833696507237,1
50,56,0.87589092709,0.685273273695,1
50,49,0.983271682645,0.983271682645,1
50,39,0.93461985394,0.899319789727,1
50,43,0.83721836975,0.810320832319,1
50,34,0.962037005056,0.962037005056,1
50,42,0.988542881197,0.975539009042,1
50,44,0.914676488814,0.914676488814,1
50,41,0.928310839212,0.672456903251,1
50,72,0.9490806792,0.484476881196,1
50,40,0.9946615646,0.766796362817,1
50,40,0.984696351484,0.707673983651,1
50,35,0.941133395753,0.941133395753,1
50,63,0.97990541752,0.651879833285,1
100,56,0.97446285792,0.932646150733,1
100,46,0.956472051165,0.855812895988,1
100,43,0.956386414505,0.956386414505,1
100,89,0.993562300009,0.889172661339,1
100,60,0.919106478547,0.773898550901,1
100,56,0.898278766813,0.770888790089,1
100,39,0.967644789642,0.901698840244,1
100,73,0.962118079774,0.962118079774,1
100,33,0.930943678411,0.871061151461,1
100,73,0.890135045066,0.597805023737,1
100,90,0.941570927767,0.580551874082,1
100,43,0.999468235526,0.904868640718,1
100,68,0.986621813504,0.956047706195,1
100,55,0.950910983103,0.833208795987,1
100,50,0.92172799868,0.92172799868,1
100,67,0.996141895101,0.961903690984,1
100,60,0.986625605718,0.864643892831,1
100,70,0.965641009379,0.917748823465,1
100,77,0.924360326644,0.556269647678,1
100,64,0.993548776831,0.751723430776,1
100,49,0.980012045015,0.966428623554,1
100,50,0.972413671041,0.972413671041,1
100,56,0.822911366174,0.483301776376,1
100,61,0.887625950517,0.701024117857,1
100,73,0.998480970333,0.723486770559,1
100,56,0.944680879678,0.880689097651,1
100,51,0.940665671554,0.86878155402,1
100,58,0.97698631274,0.880569491705,1
100,54,0.961920407463,0.861874998152,1
100,57,0.910655095894,0.910655095894,1
100,48,0.897460923772,0.827136458921,1
100,49,0.951518114238,0.751271855671,1
100,41,0.982579874366,0.835492073818,1
100,76,0.923171510048,0.923171510048,1
100,52,0.869393595354,0.869393595354,1
100,46,0.982833735901,0.903447004499,1
100,78,0.888875043836,0.718157461937,1
100,67,0.916095821341,0.871320201434,1
100,79,0.981604281621,0.792048419668,1
100,77,0.994154795462,0.994154795462,1
100,64,0.915898380742,0.836808722626,1
100,42,0.938399880012,0.938399880012,1
100,49,0.862037455662,0.678455834262,1
100,41,0.982588250335,0.912666227351,1
100,42,0.998715736995,0.998715736995,1
100,87,0.902181905172,0.709788458225,1
100,73,0.926861630788,0.569921347253,1
100,59,0.842029678577,0.842029678577,1
100,69,0.991362386417,0.991362386417,1
100,85,0.966044043435,0.390272207762,1
800,65,0.946402794429,0.90672125771,1
800,68,0.991168665069,0.984248288689,1
800,62,0.978720166464,0.863201949754,1
800,73,0.93035359645,0.864930996338,1
800,71,0.772120196838,0.675924530868,1
800,68,0.979239190172,0.775924203567,1
800,66,0.997945615868,0.880867436403,1
800,98,0.931495001364,0.756834986877,1
800,81,0.980398063427,0.898218653649,1
800,65,0.945561804921,0.78988930663,1
800,56,0.994253170294,0.994253170294,1
800,73,0.925204699782,0.821934122036,1
800,68,0.99146915508,0.904310896878,1
800,64,0.980973699584,0.980973699584,1
800,67,0.972296396592,0.972296396592,1
800,82,0.986467413615,0.740881310198,1
800,66,0.97225218038,0.876463058154,1
800,100,0.999052140426,0.999052140426,1
800,56,0.945863049133,0.945863049133,1
800,64,0.944121933972,0.923425055468,1
800,62,0.99459841894,0.855255888493,1
800,61,0.971022368255,0.971022368255,1
800,91,0.998755501815,0.854729085858,1
800,64,0.985104497898,0.880708223536,1
800,82,0.977814419621,0.935265147613,1
800,76,0.935138542757,0.91753921511,1
800,56,0.983152634962,0.93367062871,1
800,74,0.928446417913,0.928446417913,1
800,77,0.954843793665,0.954843793665,1
800,72,0.961114933525,0.807010947662,1
800,110,0.972767267368,0.892660434936,1
800,66,0.987207746547,0.987207746547,1
800,52,0.948279924666,0.948279924666,1
800,78,0.907627267652,0.907627267652,1
800,69,0.920881535571,0.920881535571,1
800,80,0.962575431872,0.912955867281,1
800,61,0.974005695751,0.965603962341,1
800,80,0.98036156111,0.893668478401,1
800,78,0.982615445248,0.982615445248,1
800,52,0.957818905933,0.957818905933,1
800,71,0.886209266375,0.886209266375,1
800,54,0.978360211243,0.978360211243,1
800,78,0.945570560209,0.795515074243,1
800,93,0.857275375453,0.807866203831,1
800,80,0.990690259855,0.927118436729,1
800,79,0.919315384815,0.83704187966,1
800,59,0.972489541408,0.905251413698,1
800,88,0.828483209209,0.707630662065,1
800,75,0.915481151464,0.915481151464,1
800,85,0.922850599654,0.782126241805,1
1150,66,0.880510591814,0.880510591814,1
1150,59,0.916819867789,0.916819867789,1
1150,68,0.844237280365,0.844237280365,1
1150,83,0.936811256178,0.812819809395,1
1150,65,0.993547811881,0.993547811881,1
1150,63,0.967937019529,0.948628364427,1
1150,67,0.962994597009,0.888342457471,1
1150,65,0.976015191808,0.976015191808,1
1150,58,0.969874960224,0.799765001541,1
1150,68,0.988787918727,0.911085786291,1
1150,78,0.971683041703,0.650164922849,1
1150,88,0.941175954013,0.816945176202,1
1150,83,0.988132029624,0.946879467307,1
1150,69,0.982828457647,0.97750374169,1
1150,56,0.924997290959,0.924997290959,1
1150,97,0.971788128392,0.971788128392,1
1150,62,0.967133073585,0.967133073585,1
1150,73,0.994296154882,0.91123396634,1
1150,77,0.97831817043,0.919678022985,1
1150,77,0.963235068849,0.912872469092,1
1150,56,0.997181563247,0.997181563247,1
1150,66,0.949428047406,0.931121909978,1
1150,91,0.999556314809,0.840276388513,1
1150,77,0.994120180138,0.994120180138,1
1150,91,0.885040063867,0.779171762992,1
1150,77,0.961855739586,0.913034034128,1
1150,68,0.954935982569,0.954935982569,1
1150,85,0.843849557881,0.64764555818,1
1150,85,0.887249210341,0.867240363811,1
1150,66,0.925108623683,0.925108623683,1
1150,65,0.93658419709,0.794448110685,1
1150,66,0.985470663119,0.960726719301,1
1150,95,0.953114076722,0.953114076722,1
1150,73,0.951369924261,0.951369924261,1
1150,70,0.984726044694,0.984726044694,1
1150,68,0.886592552105,0.886592552105,1
1150,77,0.927666808194,0.927666808194,1
1150,103,0.95760638555,0.951470617992,1
1150,70,0.986893921506,0.986893921506,1
1150,87,0.891206114955,0.818273227204,1
1150,78,0.94273681178,0.94273681178,1
1150,66,0.9685394878,0.956299129142,1
1150,66,0.95382594225,0.90631760028,1
1150,73,0.993276962712,0.866923970579,1
1150,65,0.995980960385,0.903038822254,1
1150,52,0.995734866732,0.995734866732,1
1150,74,0.987138593255,0.984907064634,1
1150,62,0.91956508375,0.91956508375,1
1150,97,0.93342868727,0.868308258271,1
1150,94,0.977920312576,0.824760655261,1
1050,92,0.996645093355,0.855039612626,1
1050,121,0.917651475521,0.917651475521,1
1050,91,0.919356934014,0.765503871118,1
1050,60,0.827398487804,0.827398487804,1
1050,65,0.958439790831,0.958439790831,1
1050,74,0.913421711044,0.913421711044,1
1050,70,0.915247951679,0.915247951679,1
1050,73,0.81426633957,0.706066678839,1
1050,64,0.978943815359,0.821624538248,1
1050,71,0.925862693288,0.831388701123,1
1050,73,0.985072274765,0.812180302275,1
1050,87,0.825359481887,0.814814858916,1
1050,73,0.989511562492,0.837358456186,1
1050,70,0.950944495546,0.940295106488,1
1050,71,0.987379976828,0.985428672815,1
1050,83,0.998058294217,0.850877172381,1
1050,94,0.965384521732,0.914378544501,1
1050,84,0.980869242455,0.973951973248,1
1050,81,0.942722716145,0.832881349479,1
1050,60,0.917564578144,0.850145743314,1
1050,72,0.993859524991,0.993859524991,1
1050,67,0.919886956925,0.919886956925,1
1050,65,0.958448707985,0.958448707985,1
1050,79,0.895526877861,0.895526877861,1
1050,67,0.928910974249,0.928910974249,1
1050,68,0.998418795668,0.968754951641,1
1050,78,0.992113046313,0.865990704447,1
1050,81,0.969883141054,0.932015310333,1
1050,55,0.852495941211,0.852495941211,1
1050,105,0.967746370684,0.93996536065,1
1050,66,0.950549210261,0.950549210261,1
1050,85,0.938403872181,0.924236916626,1
1050,68,0.933353436907,0.903412349409,1
1050,103,0.904762509039,0.874191532289,1
1050,77,0.971131938638,0.971131938638,1
1050,75,0.935447348258,0.790702383699,1
1050,64,0.956617329745,0.956617329745,1
1050,50,0.939700432859,0.840377786143,1
1050,67,0.984778540341,0.984778540341,1
1050,79,0.956525269767,0.956525269767,1
1050,94,0.905550289998,0.905550289998,1
1050,68,0.963675603499,0.917187164111,1
1050,85,0.978813626248,0.978813626248,1
1050,82,0.830451682328,0.728410524669,1
1050,68,0.97394298147,0.940158338641,1
1050,76,0.951236844077,0.951236844077,1
1050,78,0.992040854963,0.953864591394,1
1050,76,0.955788944873,0.955788944873,1
1050,101,0.989234172107,0.903697335738,1
1050,57,0.992148970355,0.986643505439,1
500,55,0.949868298735,0.949868298735,1
500,63,0.97156085582,0.97156085582,1
500,80,0.852313297009,0.79971925934,1
500,50,0.978614520205,0.924663495875,1
500,66,0.911795896201,0.911795896201,1
500,72,0.996427603163,0.833020868268,1
500,100,0.968111927632,0.541206997861,1
500,84,0.950787807348,0.944780276582,1
500,87,0.974992658845,0.807349107211,1
500,72,0.941818459524,0.925393610923,1
500,50,0.995233999163,0.983771629146,1
500,64,0.959681587727,0.693143159803,1
500,117,0.985787310499,0.671046001688,1
500,61,0.935508731467,0.935508731467,1
500,62,0.924445298473,0.924445298473,1
500,73,0.973567854136,0.923508377759,1
500,60,0.949225582853,0.699614499267,1
500,97,0.995097845448,0.995097845448,1
500,49,0.970588027476,0.926837411327,1
500,77,0.995464338618,0.995464338618,1
500,49,0.951492554302,0.940812898767,1
500,63,0.924521462302,0.924521462302,1
500,80,0.973497412348,0.955799766586,1
500,66,0.959422589486,0.872596087176,1
500,77,0.939922670204,0.847500965087,1
500,48,0.975312462745,0.975312462745,1
500,85,0.98266306345,0.98266306345,1
500,59,0.935071013198,0.911058285732,1
500,73,0.947892359004,0.858484876503,1
500,72,0.932245078992,0.863605473661,1
500,79,0.985900865359,0.848055771176,1
500,53,0.970371685029,0.946274387371,1
500,91,0.918637918936,0.918637918936,1
500,55,0.948759210859,0.90996650128,1
500,59,0.94988867481,0.812055187992,1
500,55,0.929242907055,0.895720264888,1
500,75,0.964654755404,0.872130892901,1
500,61,0.972566323686,0.889207850685,1
500,63,0.969410659336,0.969410659336,1
500,62,0.959087670082,0.798140817128,1
500,49,0.981077867288,0.957829055438,1
500,68,0.97272013513,0.94895903107,1
500,81,0.978402023766,0.978402023766,1
500,83,0.988161127383,0.895892510178,1
500,80,0.894409627752,0.8154303635,1
500,77,0.952480724092,0.948148601174,1
500,71,0.82423726959,0.683344485606,1
500,74,0.996067915478,0.895125227425,1
500,95,0.933118446727,0.762491199086,1
500,103,0.763405002491,0.595630095946,1
1550,58,0.977002440877,0.977002440877,1
1550,66,0.947047213684,0.9373709731,1
1550,99,0.939385685113,0.939385685113,1
1550,72,0.980506960417,0.90412576405,1
1550,70,0.858178287439,0.858178287439,1
1550,66,0.856521960945,0.791224280591,1
1550,83,0.972282804965,0.870797798945,1
1550,69,0.932709320929,0.932709320929,1
1550,74,0.993391605483,0.988765160106,1
1550,81,0.903973443261,0.903973443261,1
1550,89,0.994519726374,0.831624043484,1
1550,79,0.850134774388,0.850134774388,1
1550,68,0.88667322814,0.88667322814,1
1550,76,0.9152015468,0.874445446713,1
1550,81,0.964315925088,0.944848145033,1
1550,58,0.983441593176,0.983441593176,1
1550,68,0.917356881832,0.915355197817,1
1550,74,0.964533783631,0.964533783631,1
1550,59,0.860887132684,0.860887132684,1
1550,86,0.853296712407,0.827017182187,1
1550,81,0.963770354631,0.902244681771,1
1550,90,0.97991763498,0.887590390064,1
1550,88,0.996200399043,0.931952306342,1
1550,59,0.953640977226,0.953640977226,1
1550,75,0.996180570416,0.991309436557,1
1550,63,0.972473555932,0.972473555932,1
1550,68,0.991201512637,0.991201512637,1
1550,63,0.988907242604,0.968618309849,1
1550,98,0.975777049268,0.975777049268,1
1550,88,0.947009811512,0.872846029629,1
1550,67,0.996266399864,0.905222983255,1
1550,71,0.967883659579,0.895651888614,1
1550,89,0.980578333854,0.980578333854,1
1550,63,0.961373746491,0.961373746491,1
1550,74,0.984616204704,0.984616204704,1
1550,71,0.919452356182,0.919452356182,1
1550,108,0.810135156492,0.551138389235,1
1550,89,0.751169344331,0.751169344331,1
1550,58,0.938552892731,0.923213910562,1
1550,54,0.987035019374,0.987035019374,1
1550,69,0.980554299262,0.901838075188,1
1550,84,0.99788920544,0.99788920544,1
1550,68,0.952096620664,0.875452148323,1
1550,81,0.99248843053,0.968408854882,1
1550,130,0.781032582823,0.683187357208,1
1550,107,0.969137505749,0.85229646328,1
1550,100,0.915009762053,0.896376508464,1
1550,68,0.998129672486,0.941650705651,1
1550,71,0.99872252873,0.944860645159,1
1550,70,0.969673644597,0.969673644597,1
950,65,0.996916280188,0.993596257383,1
950,88,0.986094216666,0.833378603188,1
950,60,0.878315165188,0.878315165188,1
950,77,0.995012595962,0.995012595962,1
950,92,0.98901996059,0.921260290112,1
950,87,0.925218525563,0.864193442949,1
950,52,0.985049884133,0.949668828934,1
950,73,0.988821381906,0.977509663157,1
950,83,0.994484168158,0.896226510842,1
950,68,0.961592006253,0.908702817103,1
950,86,0.991767610255,0.9206187525,1
950,68,0.952857855216,0.753176712537,1
950,91,0.839649218281,0.839649218281,1
950,67,0.919996824381,0.919996824381,1
950,70,0.994016657977,0.994016657977,1
950,64,0.964340295026,0.865765021359,1
950,46,0.921244815135,0.899137556008,1
950,78,0.975656625181,0.824440019212,1
950,73,0.965978615595,0.8104160707,1
950,85,0.948149579729,0.771983425756,1
950,77,0.81012132641,0.81012132641,1
950,85,0.781453134381,0.743114983404,1
950,98,0.981388961928,0.90924617223,1
950,77,0.994146893313,0.994146893313,1
950,93,0.899233812421,0.77016491041,1
950,52,0.974370536654,0.974370536654,1
950,77,0.944542107195,0.944542107195,1
950,62,0.911518214841,0.911518214841,1
950,68,0.954943684458,0.954943684458,1
950,64,0.99138796674,0.839199729535,1
950,84,0.950307783507,0.950307783507,1
950,64,0.993757939974,0.963700867545,1
950,97,0.966476527897,0.816049567398,1
950,73,0.905861971814,0.877153207332,1
950,68,0.955002737279,0.834642755041,1
950,88,0.925980203543,0.777984684648,1
950,66,0.978518033751,0.977632123482,1
950,91,0.784490476368,0.784490476368,1
950,67,0.930992844551,0.922843272293,1
950,92,0.967006513834,0.868450378691,1
950,80,0.944578091103,0.806118252456,1
950,98,0.954456027546,0.862462332367,1
950,55,0.958475013158,0.93188083818,1
950,54,0.98986106114,0.98986106114,1
950,93,0.917532934223,0.711915930133,1
950,110,0.912010672295,0.89777565852,1
950,70,0.949370183788,0.848738495459,1
950,62,0.988105428179,0.97725679985,1
950,78,0.905814969116,0.648454503803,1
950,61,0.979937257773,0.979937257773,1
400,57,0.951122035889,0.944730366958,1
400,66,0.930971469444,0.674534633426,1
400,72,0.988047832345,0.982292556589,1
400,66,0.897979830542,0.897979830542,1
400,67,0.94613364901,0.757697942272,1
400,61,0.963127518059,0.963127518059,1
400,68,0.949326334784,0.949326334784,1
400,63,0.975380596227,0.888291281505,1
400,77,0.956267759223,0.883918336487,1
400,56,0.924345118447,0.893746638313,1
400,85,0.87354660846,0.87354660846,1
400,69,0.871229068605,0.579342919194,1
400,63,0.995202274062,0.82224785762,1
400,55,0.98316166065,0.919998960529,1
400,85,0.952149816436,0.94544520169,1
400,53,0.960813903138,0.95971695985,1
400,76,0.975571261473,0.846912252867,1
400,70,0.907082413067,0.907082413067,1
400,58,0.998839516466,0.998839516466,1
400,95,0.934117148407,0.89604293007,1
400,78,0.996407270223,0.996407270223,1
400,49,0.982244898056,0.948372853776,1
400,78,0.884621646965,0.765615883028,1
400,88,0.973217506078,0.973217506078,1
400,59,0.985994890124,0.985994890124,1
400,77,0.941719851725,0.941719851725,1
400,66,0.930792605614,0.905112650727,1
400,52,0.9895062622,0.985752809933,1
400,54,0.970835231882,0.970835231882,1
400,49,0.99937101334,0.943176370435,1
400,49,0.996598090642,0.996598090642,1
400,56,0.948044855293,0.944161740576,1
400,55,0.963633672027,0.846646978358,1
400,57,0.972257359068,0.826909763959,1
400,76,0.98948326404,0.7816338176,1
400,48,0.940929615623,0.940929615623,1
400,60,0.867446960782,0.76840178797,1
400,69,0.996318936607,0.924017121525,1
400,64,0.962158686711,0.962158686711,1
400,65,0.928964382835,0.69994597534,1
400,71,0.838637056318,0.791859092219,1
400,81,0.995512381243,0.966355464225,1
400,64,0.986775868086,0.986775868086,1
400,70,0.98673957918,0.962742177462,1
400,105,0.929377572615,0.912774939235,1
400,69,0.995661677586,0.995661677586,1
400,73,0.991577538334,0.991577538334,1
400,57,0.976717328435,0.976717328435,1
400,103,0.968458279772,0.684702762997,1
400,67,0.98306762273,0.801133390927,1
1350,59,0.914174911117,0.914174911117,1
1350,72,0.950539776793,0.950539776793,1
1350,73,0.899303133591,0.831029596429,1
1350,61,0.952009804408,0.938395196713,1
1350,75,0.967667122725,0.967667122725,1
1350,64,0.976623033328,0.976623033328,1
1350,68,0.982265060929,0.952807585924,1
1350,65,0.984742677065,0.984742677065,1
1350,113,0.963800295605,0.731021855918,1
1350,80,0.958360128111,0.912679262069,1
1350,63,0.997443334605,0.918987667124,1
1350,112,0.992023134687,0.845443830539,1
1350,90,0.986800581553,0.986800581553,1
1350,84,0.94743969466,0.632015144087,1
1350,56,0.887611798205,0.841688275536,1
1350,73,0.909781635574,0.909781635574,1
1350,86,0.991779357459,0.991779357459,1
1350,60,0.990216687826,0.915930806591,1
1350,79,0.90673396532,0.895129520613,1
1350,91,0.898643120745,0.898643120745,1
1350,93,0.979199593168,0.851700669057,1
1350,59,0.954935823679,0.954935823679,1
1350,71,0.926339916128,0.926339916128,1
1350,78,0.997791925357,0.991399141708,1
1350,73,0.959531030788,0.845612754513,1
1350,78,0.88578076763,0.88578076763,1
1350,70,0.931235414007,0.931235414007,1
1350,71,0.975802658059,0.944898127741,1
1350,91,0.952792380848,0.936544232073,1
1350,87,0.974403542989,0.925861693545,1
1350,64,0.923420132583,0.786313749575,1
1350,78,0.952660252686,0.952660252686,1
1350,105,0.861789770242,0.817670319147,1
1350,69,0.992460731163,0.987263521006,1
1350,86,0.867164144902,0.724290281141,1
1350,77,0.96059511893,0.953600755106,1
1350,95,0.958461594528,0.776152057873,1
1350,68,0.972751079446,0.972751079446,1
1350,101,0.945227113928,0.919972726612,1
1350,67,0.963566922733,0.935599814198,1
1350,98,0.982598697959,0.928518088925,1
1350,55,0.978608203599,0.978608203599,1
1350,116,0.960748243186,0.653925638195,1
1350,84,0.98180270559,0.98180270559,1
1350,66,0.959021921909,0.848748092114,1
1350,54,0.993807797045,0.993807797045,1
1350,74,0.886499236231,0.724987708905,1
1350,73,0.947687890249,0.814460506635,1
1350,94,0.945759769632,0.84919951759,1
1350,66,0.960590464761,0.960590464761,1
900,68,0.934225417249,0.934225417249,1
900,64,0.929655002361,0.929655002361,1
900,67,0.948078470806,0.948078470806,1
900,66,0.993782309513,0.993782309513,1
900,70,0.921282983645,0.921282983645,1
900,78,0.999321772711,0.911620252068,1
900,65,0.966810260346,0.919798793895,1
900,92,0.997183445942,0.949546529372,1
900,76,0.973625999573,0.973625999573,1
900,86,0.944242958346,0.90223240931,1
900,63,0.945131383621,0.849549586712,1
900,67,0.996629606722,0.948912187154,1
900,54,0.974799401211,0.974799401211,1
900,111,0.948478685742,0.854884210442,1
900,66,0.92119145988,0.862737372061,1
900,69,0.870441625255,0.784984919507,1
900,52,0.985409950028,0.985409950028,1
900,85,0.924267939776,0.636858031611,1
900,74,0.996659135269,0.971020243841,1
900,62,0.967815938257,0.909132292663,1
900,77,0.985542034109,0.985542034109,1
900,71,0.900508672641,0.86926882521,1
900,67,0.966409899004,0.923326017545,1
900,76,0.999340325283,0.999340325283,1
900,82,0.969855550748,0.969855550748,1
900,87,0.938065570375,0.821951364943,1
900,68,0.969347462548,0.866102156609,1
900,73,0.847177125192,0.830636006782,1
900,108,0.877733178879,0.877733178879,1
900,56,0.985742828364,0.985742828364,1
900,95,0.994480895296,0.91855732836,1
900,74,0.920955386315,0.803650873066,1
900,70,0.97420827114,0.897122144891,1
900,101,0.944753626298,0.714750643746,1
900,52,0.993884289298,0.993884289298,1
900,92,0.946399771206,0.864034971286,1
900,91,0.992678877712,0.766754417743,1
900,65,0.949880376391,0.949880376391,1
900,60,0.917469605934,0.844951602074,1
900,78,0.970240065044,0.970240065044,1
900,70,0.992773717503,0.805691023572,1
900,73,0.942831851959,0.72127520205,1
900,72,0.909667179856,0.89504289559,1
900,71,0.903320256196,0.903320256196,1
900,55,0.971080998812,0.971080998812,1
900,59,0.892238944459,0.892238944459,1
900,64,0.950803649776,0.950803649776,1
900,56,0.959667651611,0.959667651611,1
900,83,0.918119031091,0.82868145497,1
900,74,0.893943653152,0.893943653152,1
850,96,0.919542650521,0.872916102602,1
850,59,0.950174284738,0.950174284738,1
850,67,0.961054318437,0.904199289115,1
850,67,0.940424917261,0.891208672218,1
850,82,0.991517091711,0.991517091711,1
850,92,0.969109217682,0.969109217682,1
850,76,0.959141461723,0.959141461723,1
850,60,0.981343131677,0.930049952684,1
850,64,0.968633168646,0.870199890679,1
850,76,0.938305737137,0.938305737137,1
850,105,0.908029645351,0.89710950371,1
850,53,0.991562344457,0.978269107194,1
850,74,0.988826788032,0.988826788032,1
850,77,0.915158565971,0.63668940423,1
850,62,0.947110117408,0.947110117408,1
850,73,0.932578250111,0.932578250111,1
850,76,0.833354039636,0.804137088871,1
850,73,0.945456676002,0.945456676002,1
850,61,0.984625822062,0.984625822062,1
850,57,0.975662303869,0.934109277612,1
850,88,0.973715065103,0.901432234744,1
850,65,0.992529679295,0.992529679295,1
850,82,0.971448671725,0.971448671725,1
850,59,0.992713233541,0.872055682818,1
850,59,0.955258986065,0.913534036907,1
850,76,0.883832124144,0.718283291227,1
850,119,0.876736229355,0.747373420115,1
850,69,0.939442357989,0.860264958841,1
850,60,0.936473975533,0.936473975533,1
850,89,0.990574034846,0.879296845549,1
850,86,0.967344551487,0.967344551487,1
850,77,0.951297681892,0.951297681892,1
850,87,0.996445794343,0.980950496214,1
850,73,0.983834880315,0.931451468268,1
850,73,0.796547528927,0.796547528927,1
850,62,0.944550733835,0.944550733835,1
850,73,0.983686035043,0.906877694526,1
850,81,0.981550382117,0.981550382117,1
850,77,0.983047115039,0.983047115039,1
850,63,0.987735016553,0.846754403269,1
850,81,0.973019548822,0.868529639769,1
850,72,0.980929136328,0.950900022086,1
850,66,0.928964617386,0.928964617386,1
850,79,0.941888185084,0.784035011918,1
850,67,0.974023988955,0.825774307628,1
850,72,0.921980219407,0.882323143341,1
850,64,0.975804727444,0.975804727444,1
850,67,0.977335288595,0.977335288595,1
850,75,0.99729192224,0.99729192224,1
850,60,0.973266829179,0.973266829179,1
1200,53,0.998614039953,0.998614039953,1
1200,70,0.930925549737,0.875644643373,1
1200,82,0.940845482681,0.787803137619,1
1200,65,0.985756970801,0.945639600833,1
1200,79,0.992471824262,0.992471824262,1
1200,60,0.957484501983,0.957484501983,1
1200,69,0.828183904724,0.781620408135,1
1200,100,0.888957309444,0.820043439333,1
1200,52,0.982847842825,0.982847842825,1
1200,77,0.928743309085,0.928743309085,1
1200,78,0.968250282299,0.887118468254,1
1200,84,0.995077482977,0.808801656392,1
1200,76,0.97734044719,0.828695204521,1
1200,71,0.973061942974,0.973061942974,1
1200,81,0.981694835937,0.960791411843,1
1200,54,0.991906800272,0.991906800272,1
1200,67,0.934031900514,0.934031900514,1
1200,88,0.9641161901,0.9641161901,1
1200,76,0.888667011202,0.888667011202,1
1200,64,0.901649326455,0.901649326455,1
1200,93,0.991585603805,0.972221235789,1
1200,66,0.998764176091,0.911049831017,1
1200,87,0.956627677414,0.953326555626,1
1200,67,0.966128752225,0.958732408259,1
1200,63,0.940486059846,0.925738502664,1
1200,61,0.925973068167,0.912704758174,1
1200,88,0.869646174415,0.833411575222,1
1200,83,0.802001487173,0.779715293185,1
1200,77,0.937606688267,0.937606688267,1
1200,70,0.975280438414,0.905194683064,1
1200,77,0.914851319944,0.810630119736,1
1200,68,0.988215329437,0.988215329437,1
1200,76,0.822085383933,0.748837647485,1
1200,79,0.964777782727,0.749207972739,1
1200,67,0.916954684463,0.850446277437,1
1200,97,0.979574803884,0.979574803884,1
1200,62,0.978563736836,0.978563736836,1
1200,85,0.959901956907,0.836232295834,1
1200,84,0.974556982887,0.802732606317,1
1200,96,0.940070106787,0.845464014668,1
1200,78,0.919000916346,0.919000916346,1
1200,69,0.93956500934,0.93956500934,1
1200,69,0.976510969948,0.963361383233,1
1200,81,0.958639128617,0.958639128617,1
1200,97,0.994277801558,0.91767302575,1
1200,64,0.961686558981,0.961686558981,1
1200,69,0.916422207892,0.758063195106,1
1200,71,0.999838792141,0.999838792141,1
1200,54,0.960885367162,0.949098076597,1
1200,94,0.898362319221,0.87879010999,1
650,60,0.869740106663,0.869740106663,1
650,68,0.986219614346,0.877922711455,1
650,88,0.996949167091,0.996949167091,1
650,94,0.977797665215,0.888645226681,1
650,66,0.980114141783,0.801632898711,1
650,76,0.852662498711,0.852662498711,1
650,75,0.98391737642,0.97745514084,1
650,72,0.972063102979,0.912160142695,1
650,82,0.997218575176,0.93807576924,1
650,86,0.980333860349,0.751037757329,1
650,68,0.962232083188,0.961224975668,1
650,61,0.944480560809,0.944480560809,1
650,79,0.943089733926,0.832919511823,1
650,58,0.942576174569,0.879317458697,1
650,75,0.976226676291,0.91321951776,1
650,50,0.951408119767,0.951408119767,1
650,61,0.873213897862,0.873213897862,1
650,89,0.98135429545,0.696315410547,1
650,75,0.982510236305,0.982510236305,1
650,58,0.981802831807,0.981802831807,1
650,65,0.998362348461,0.998362348461,1
650,82,0.75539375736,0.75539375736,1
650,72,0.879950237563,0.85643521904,1
650,122,0.775907257946,0.687450627422,1
650,73,0.964023343049,0.956594028821,1
650,60,0.950805397153,0.950805397153,1
650,75,0.993106756648,0.966904975522,1
650,51,0.999618851303,0.98675206131,1
650,77,0.962933100238,0.962933100238,1
650,62,0.987218135384,0.939633065768,1
650,86,0.998772680035,0.938681923499,1
650,102,0.986295640657,0.962771201092,1
650,107,0.976580922644,0.713208206197,1
650,67,0.862152207687,0.862152207687,1
650,82,0.757806810259,0.757806810259,1
650,88,0.934261209517,0.663275387395,1
650,63,0.998319157642,0.998319157642,1
650,69,0.980807333927,0.838052821704,1
650,72,0.952844668307,0.910357614121,1
650,61,0.84828971318,0.84828971318,1
650,70,0.796153067279,0.796153067279,1
650,65,0.987126782001,0.987126782001,1
650,104,0.974921111184,0.770989152681,1
650,66,0.963677128521,0.919280176494,1
650,64,0.995040503066,0.995040503066,1
650,51,0.979786199015,0.961295115092,1
650,61,0.860260932371,0.860260932371,1
650,55,0.992248528937,0.9544112966,1
650,68,0.88561867042,0.87243479827,1
650,70,0.928474081366,0.685395959798,1
1950,67,0.998565157353,0.99293064905,1
1950,83,0.874541044845,0.874541044845,1
1950,84,0.866885005711,0.828210441362,1
1950,82,0.886405569658,0.886405569658,1
1950,62,0.989228842738,0.989228842738,1
1950,115,0.983141570989,0.980982106109,1
1950,64,0.917559826132,0.917559826132,1
1950,111,0.964330072422,0.964330072422,1
1950,62,0.944676388784,0.944676388784,1
1950,81,0.959997825473,0.958710390317,1
1950,80,0.985117939296,0.914835708648,1
1950,62,0.940621094019,0.940621094019,1
1950,64,0.973478891216,0.973478891216,1
1950,54,0.994951559134,0.994951559134,1
1950,95,0.939877257123,0.788657844033,1
1950,96,0.880102867649,0.779317598161,1
1950,66,0.986957381067,0.986957381067,1
1950,91,0.992399322909,0.849306895315,1
1950,75,0.935732467568,0.935732467568,1
1950,101,0.881662377992,0.881662377992,1
1950,77,0.90860787152,0.899029675675,1
1950,62,0.912155788389,0.888227823037,1
1950,76,0.973928032688,0.973928032688,1
1950,68,0.979669882414,0.94091524286,1
1950,85,0.980159378559,0.884027021537,1
1950,96,0.942275496323,0.932647297077,1
1950,68,0.904601746995,0.904601746995,1
1950,75,0.976413426166,0.976413426166,1
1950,71,0.976152862383,0.81816748126,1
1950,73,0.984256941831,0.926790215899,1
1950,70,0.91637296444,0.859676151045,1
1950,67,0.938994932122,0.905170874161,1
1950,87,0.891318845087,0.7682316213,1
1950,67,0.972334358919,0.953273791255,1
1950,95,0.963195542806,0.963195542806,1
1950,72,0.888803602318,0.84382886793,1
1950,64,0.998007704432,0.920896970414,1
1950,65,0.945082642746,0.835115388067,1
1950,67,0.912987733562,0.912987733562,1
1950,98,0.919679409834,0.759109333609,1
1950,85,0.828517455715,0.81658622755,1
1950,72,0.996480712264,0.996480712264,1
1950,72,0.98372846755,0.98372846755,1
1950,94,0.959900202778,0.833619611977,1
1950,87,0.990494359028,0.965404208127,1
1950,75,0.998037171255,0.998037171255,1
1950,64,0.949497460603,0.949497460603,1
1950,62,0.96274784103,0.96274784103,1
1950,92,0.984484969087,0.94379307063,1
1950,79,0.940436673843,0.940436673843,1
1850,61,0.888132313169,0.888132313169,1
1850,61,0.963403689127,0.870665086959,1
1850,62,0.968354491758,0.968354491758,1
1850,104,0.873917836829,0.873917836829,1
1850,116,0.978484597587,0.889038646608,1
1850,84,0.848184157438,0.733622355541,1
1850,71,0.979170697592,0.979170697592,1
1850,81,0.983302106787,0.77063225649,1
1850,65,0.98216332091,0.94984371653,1
1850,81,0.99640605008,0.99640605008,1
1850,73,0.988629997984,0.930511716972,1
1850,66,0.910664351407,0.788976003259,1
1850,82,0.855831286935,0.855831286935,1
1850,62,0.957296609211,0.957296609211,1
1850,89,0.948695434206,0.948695434206,1
1850,73,0.910459628293,0.910459628293,1
1850,71,0.93854378867,0.880927437771,1
1850,83,0.963580520325,0.963580520325,1
1850,67,0.97210614665,0.97210614665,1
1850,75,0.960210809071,0.884786575472,1
1850,67,0.991801382709,0.926365199152,1
1850,86,0.953120369634,0.953120369634,1
1850,75,0.989615996371,0.989615996371,1
1850,69,0.997110328868,0.982032983422,1
1850,63,0.977954857512,0.977954857512,1
1850,76,0.880067603673,0.761555823388,1
1850,80,0.964946491181,0.894101010392,1
1850,85,0.944172664887,0.90282082528,1
1850,84,0.946403580992,0.923615002238,1
1850,95,0.962798945859,0.895803521755,1
1850,64,0.928983041848,0.859958610775,1
1850,76,0.993237418642,0.96823826547,1
1850,75,0.959345536863,0.937101675422,1
1850,85,0.974852701934,0.974852701934,1
1850,70,0.97503821715,0.97503821715,1
1850,78,0.932583840371,0.932583840371,1
1850,92,0.929017601525,0.884637066808,1
1850,64,0.996250222211,0.996250222211,1
1850,57,0.917998825517,0.917998825517,1
1850,72,0.9636300883,0.783594451308,1
1850,75,0.974411852857,0.921667429563,1
1850,63,0.95694960878,0.95694960878,1
1850,71,0.944801900122,0.943640426027,1
1850,85,0.995104399164,0.995104399164,1
1850,116,0.988159400457,0.933422041719,1
1850,61,0.9383805424,0.9383805424,1
1850,74,0.996035853471,0.880044253941,1
1850,68,0.972329400373,0.972329400373,1
1850,88,0.952165767968,0.800876299069,1
1850,59,0.980508010631,0.908656089758,1
